week_start_date,cotton_price_inr_per_kg,reporting_markets,reporting_states
2021-07-05,62.72,20,3
2021-07-12,64.65245283018868,15,2
2021-07-19,66.86555555555555,15,2
2021-07-26,69.29857142857144,17,2
2021-08-02,72.91348837209303,14,3
2021-08-09,70.69222222222223,15,3
2021-08-16,72.84382978723404,16,2
2021-08-23,67.61345454545454,17,2
2021-08-30,71.43578947368421,19,3
2021-09-06,62.26824175824176,26,3
2021-09-13,57.82401574803149,37,3
2021-09-20,53.641600000000004,43,4
2021-09-27,55.937733812949645,42,4
2021-10-04,60.34108796296296,59,3
2021-10-11,64.42136212624585,84,5
2021-10-18,70.46773019271949,115,5
2021-10-25,75.36600143061516,146,5
2021-11-01,80.65742857142857,105,5
2021-11-08,78.41015353805074,164,5
2021-11-15,76.88249662618084,164,5
2021-11-22,78.94047953216375,170,5
2021-11-29,79.05299410029498,171,5
2021-12-06,78.99333528722157,170,5
2021-12-13,79.83131062355658,170,5
2021-12-20,80.85213164251208,176,5
2021-12-27,84.2775925925926,182,5
2022-01-03,89.03558361391696,184,6
2022-01-10,88.3481380753138,177,6
2022-01-17,88.9994606741573,181,6
2022-01-24,88.80316416040101,178,6
2022-01-31,90.37588470319633,181,6
2022-02-07,90.35837962962962,170,6
2022-02-14,91.88920024420025,172,6
2022-02-21,90.46854218362283,169,6
2022-02-28,88.85400757575758,154,6
2022-03-07,89.72109219858156,151,6
2022-03-14,89.81064971751412,140,6
2022-03-21,93.90538720538721,139,6
2022-03-28,97.62917525773196,108,6
2022-04-04,101.47600563909775,119,6
2022-04-11,100.84315085158151,114,6
2022-04-18,101.73596907216495,112,6
2022-04-25,100.55064270152506,106,6
2022-05-02,104.41834459459459,89,6
2022-05-09,103.36103550295857,87,6
2022-05-16,106.02260586319218,80,6
2022-05-23,103.81273946360153,65,6
2022-05-30,100.48384615384614,61,6
2022-06-06,98.67186046511628,54,6
2022-06-13,101.09119496855345,43,6
2022-06-20,99.7816083916084,37,6
2022-06-27,93.8938392857143,34,5
2022-07-04,88.21864,35,6
2022-07-11,84.75867924528302,29,5
2022-07-18,86.80644230769232,27,5
2022-07-25,83.47828282828283,24,5
2022-08-01,85.341484375,29,5
2022-08-08,83.46731182795699,28,5
2022-08-15,87.66697674418604,21,4
2022-08-22,87.98310077519379,33,4
2022-08-29,88.28445161290323,44,5
2022-09-05,88.44675438596491,62,5
2022-09-12,85.02518518518518,63,5
2022-09-19,79.4096750902527,63,5
2022-09-26,79.40188022284123,74,5
2022-10-03,79.8375176056338,78,5
2022-10-10,81.54096264367817,97,6
2022-10-17,79.30083102493074,96,6
2022-10-24,74.70365482233503,73,6
2022-10-31,79.41156810035842,123,6
2022-11-07,83.68556492411467,153,6
2022-11-14,86.97025815217391,161,6
2022-11-21,84.35793079096045,163,6
2022-11-28,84.36449935815149,177,6
2022-12-05,82.38634338138925,172,6
2022-12-12,81.40081714285714,176,6
2022-12-19,79.61611453201971,180,6
2022-12-26,75.60611248454883,178,6
2023-01-02,78.94032692307692,173,6
2023-01-09,79.00495063469675,169,6
2023-01-16,79.13276564774381,171,6
2023-01-23,77.83211488250653,174,6
2023-01-30,77.29416666666667,181,6
2023-02-06,76.21446689113355,179,6
2023-02-13,77.31227556109725,175,6
2023-02-20,76.59802709069493,180,6
2023-02-27,75.69692307692308,173,6
2023-03-06,73.96916252072968,155,6
2023-03-13,73.35765602322206,157,6
2023-03-20,73.46151465798046,143,6
2023-03-27,73.16491428571429,126,5
2023-04-03,75.75680000000001,145,5
2023-04-10,76.34993372606775,153,6
2023-04-17,75.6226511627907,154,6
2023-04-24,74.47334542815675,156,6
2023-05-01,74.45815541601256,148,6
2023-05-08,73.12898763523957,147,6
2023-05-15,71.61333590138675,143,6
2023-05-22,68.14937025796661,137,6
2023-05-29,69.19884552845528,136,6
2023-06-05,70.15718137254902,132,6
2023-06-12,68.62017621145375,110,6
2023-06-19,68.27310546875,114,6
2023-06-26,67.14986966824644,109,6
2023-07-03,67.86404867256637,99,6
2023-07-10,67.262,92,6
2023-07-17,67.55726790450929,85,6
2023-07-24,67.97778711484594,87,6
2023-07-31,68.19902140672784,84,6
2023-08-07,69.95066225165563,72,6
2023-08-14,71.2555324074074,61,6
2023-08-21,70.04656934306568,62,6
2023-08-28,68.95562992125984,71,6
2023-09-04,67.90430167597766,54,6
2023-09-11,68.38664874551971,76,6
2023-09-18,65.55366279069767,76,6
2023-09-25,63.90813455657492,87,6
2023-10-02,65.16726342710997,97,6
2023-10-09,67.01664619164619,93,6
2023-10-16,67.78388308977036,107,6
2023-10-23,68.7429294117647,117,6
2023-10-30,69.627239488117,137,6
2023-11-06,69.00260416666667,145,6
2023-11-13,69.36044,132,6
2023-11-20,69.399198630137,171,6
2023-11-27,68.7820993031359,159,6
2023-12-04,68.33861224489796,164,6
2023-12-11,68.18184824902724,168,6
2023-12-18,67.15165625,168,6
2023-12-25,67.3882797731569,136,5
2024-01-01,66.79359803921568,128,5
2024-01-08,66.17213861386139,123,5
2024-01-15,66.4999154334038,121,5
2024-01-22,66.47623711340206,117,5
2024-01-29,65.31162705667276,123,5
2024-02-05,65.69421150278293,123,5
2024-02-12,66.54930210325048,122,5
2024-02-19,68.11854043392505,123,5
2024-02-26,70.52209109730849,115,5
2024-03-04,71.47343347639486,119,5
2024-03-11,73.16742603550296,121,5
2024-03-18,72.4813990825688,116,5
2024-03-25,71.15485849056604,74,5
2024-04-01,72.04636482939632,102,5
2024-04-08,70.69840182648402,74,5
2024-04-15,69.38473484848485,83,5
2024-04-22,70.19252148997134,91,5
2024-04-29,69.49502475247525,99,5
2024-05-06,69.6720489296636,92,5
2024-05-13,69.29385390428212,88,5
2024-05-20,69.96708556149733,87,5
2024-05-27,69.53899159663865,81,5
2024-06-03,68.709900990099,75,5
2024-06-10,68.6268725868726,66,5
2024-06-17,68.80765625,51,5
2024-06-24,69.8035807860262,56,5
2024-07-01,70.08467980295566,52,5
2024-07-08,70.89358974358974,53,5
2024-07-15,70.95695054945055,48,5
2024-07-22,70.79771929824561,43,5
2024-07-29,70.23445054945056,49,5
2024-08-05,70.83897142857143,47,6
2024-08-12,69.966,45,6
2024-08-19,71.24892307692308,43,6
2024-08-26,70.68303571428571,33,6
2024-09-02,71.16789808917198,45,6
2024-09-09,69.17931818181819,54,5
2024-09-16,69.4196261682243,72,6
2024-09-23,68.19989218328841,79,6
2024-09-30,67.03018518518519,88,6
2024-10-07,68.3628125,91,6
2024-10-14,69.08957089552239,116,6
2024-10-21,69.0103,135,6
2024-10-28,69.06926153846153,116,6
2024-11-04,70.55300786369594,175,6
2024-11-11,71.92029929577465,198,6
2024-11-18,71.58946703296704,191,6
2024-11-25,72.18384143920596,194,6
2024-12-02,72.43217961654894,195,6
2024-12-09,71.6354842219804,198,6
2024-12-16,70.89815776397515,197,6
2024-12-23,70.52762022194821,191,6
2024-12-30,70.7358660933661,186,6
2025-01-06,71.50892447795825,179,5
2025-01-13,71.28801556420233,178,5
2025-01-20,71.42192008879023,180,6
2025-01-27,71.06628385698808,182,6
2025-02-03,70.46157565415244,171,6
2025-02-10,70.2623313253012,167,6
2025-02-17,69.69193467336683,158,6
2025-02-24,69.50780945757997,159,6
2025-03-03,69.09997278911565,153,6
2025-03-10,68.65529865125241,133,6
2025-03-17,69.41167441860465,130,6
2025-03-24,70.54033898305084,115,6
2025-03-31,70.57115566037736,110,6
2025-04-07,70.42675324675325,111,6
2025-04-14,70.89849015317287,108,6
2025-04-21,71.2355114822547,104,6
2025-04-28,71.13210242587601,90,6
2025-05-05,70.92412790697675,83,6
2025-05-12,70.44517571884984,79,6
2025-05-19,69.94782334384858,74,6
2025-05-26,70.00653846153845,61,6
2025-06-02,70.26289237668162,60,6
2025-06-09,70.0522270742358,56,6
2025-06-16,70.87095477386934,53,6
2025-06-23,71.44617142857143,45,6
2025-06-30,72.06242236024845,40,6
2025-07-07,72.00934306569343,36,6
2025-07-14,72.72278145695364,35,5
2025-07-21,73.44510067114093,36,5
2025-07-28,72.71635714285713,33,5
2025-08-04,72.58276923076923,31,4
2025-08-11,70.99561224489796,28,4
2025-08-18,72.37390243902439,34,5
2025-08-25,72.45085271317829,36,5
2025-09-01,69.8775796178344,43,5
2025-09-08,67.90568181818182,40,5
2025-09-15,65.5267032967033,56,5
2025-09-22,64.32098885793872,72,5
2025-09-29,64.26093846153846,77,6
2025-10-06,66.27076666666667,91,6
2025-10-13,67.94400826446281,100,6
2025-10-20,69.45321212121212,50,6
2025-10-27,69.63313373253493,119,6
2025-11-03,69.18767248322148,140,6
2025-11-10,68.32646686303387,127,6
2025-11-17,68.12953759071118,145,6
2025-11-24,69.24632687747035,146,6
2025-12-01,69.68739218950064,155,6
2025-12-08,70.9815492159228,163,6
2025-12-15,71.6053657635468,163,6
2025-12-22,71.73513108108108,153,6
2025-12-29,72.40961817058096,161,6
2026-01-05,73.54065690672964,164,6
2026-01-12,75.34505124450952,153,6
2026-01-19,75.28024576043069,155,6
2026-01-26,75.51050014903129,152,6
2026-02-02,75.00533231382978,154,6
2026-02-09,74.62254728096676,145,6
2026-02-16,73.94569094890511,146,6
2026-02-23,74.01002209631727,149,6
2026-03-02,73.57643890214797,128,6
2026-03-09,73.67501478537362,146,6
2026-03-16,73.47805443786982,130,6
2026-03-23,73.31536533066132,140,6
2026-03-30,75.04824927536232,120,6
2026-04-06,76.85238202054795,130,6
2026-04-13,76.82983627819549,126,6
2026-04-20,77.70384836223506,122,6
2026-04-27,78.50796884875847,113,6
2026-05-04,81.53617639902676,94,6
2026-05-11,83.52843927576602,87,6
2026-05-18,83.41642100591716,81,6
2026-05-25,81.57734653846154,70,6
2026-06-01,80.05668859649123,54,6
2026-06-08,78.61291237113403,54,6
2026-06-15,81.106320625,42,6
2026-06-22,80.93448148148147,27,6
