week_start_date,year,month,week_of_year,festival_name,festival_proximity,is_festival_week,is_wedding_season,google_trends_source,google_trends_index,cotton_price_inr_per_kg,cotton_price_source,cpi_inflation_index,cpi_source
2021-07-05,2021,7,27,,0.0,False,False,SYNTHETIC_PROXY (pytrends unreachable in this environment),57.6,190.0,SYNTHETIC_PLACEHOLDER (replace with real Agmarknet/CCI series),100.0,SYNTHETIC_PLACEHOLDER (replace with real MOSPI CPI series)
2021-07-12,2021,7,28,,0.0,False,False,SYNTHETIC_PROXY (pytrends unreachable in this environment),50.1,189.5,SYNTHETIC_PLACEHOLDER (replace with real Agmarknet/CCI series),100.1,SYNTHETIC_PLACEHOLDER (replace with real MOSPI CPI series)
2021-07-19,2021,7,29,Onam,0.05714285714285716,True,False,SYNTHETIC_PROXY (pytrends unreachable in this environment),57.1,188.9,SYNTHETIC_PLACEHOLDER (replace with real Agmarknet/CCI series),100.21,SYNTHETIC_PLACEHOLDER (replace with real MOSPI CPI series)
2021-07-26,2021,7,30,Onam,0.2571428571428571,True,False,SYNTHETIC_PROXY (pytrends unreachable in this environment),62.5,189.4,SYNTHETIC_PLACEHOLDER (replace with real Agmarknet/CCI series),100.31,SYNTHETIC_PLACEHOLDER (replace with real MOSPI CPI series)
2021-08-02,2021,8,31,Onam,0.4571428571428571,True,False,SYNTHETIC_PROXY (pytrends unreachable in this environment),55.6,188.2,SYNTHETIC_PLACEHOLDER (replace with real Agmarknet/CCI series),100.41,SYNTHETIC_PLACEHOLDER (replace with real MOSPI CPI series)
2021-08-09,2021,8,32,Onam,0.6571428571428571,True,False,SYNTHETIC_PROXY (pytrends unreachable in this environment),62.8,189.2,SYNTHETIC_PLACEHOLDER (replace with real Agmarknet/CCI series),100.52,SYNTHETIC_PLACEHOLDER (replace with real MOSPI CPI series)
2021-08-16,2021,8,33,Onam,0.8571428571428572,True,False,SYNTHETIC_PROXY (pytrends unreachable in this environment),73.1,191.4,SYNTHETIC_PLACEHOLDER (replace with real Agmarknet/CCI series),100.62,SYNTHETIC_PLACEHOLDER (replace with real MOSPI CPI series)
2021-08-23,2021,8,34,Raksha_Bandhan,1.0,True,False,SYNTHETIC_PROXY (pytrends unreachable in this environment),73.9,191.8,SYNTHETIC_PLACEHOLDER (replace with real Agmarknet/CCI series),100.72,SYNTHETIC_PLACEHOLDER (replace with real MOSPI CPI series)
2021-08-30,2021,8,35,,0.0,False,False,SYNTHETIC_PROXY (pytrends unreachable in this environment),37.8,192.6,SYNTHETIC_PLACEHOLDER (replace with real Agmarknet/CCI series),100.83,SYNTHETIC_PLACEHOLDER (replace with real MOSPI CPI series)
2021-09-06,2021,9,36,Navratri_start,0.11428571428571421,True,False,SYNTHETIC_PROXY (pytrends unreachable in this environment),36.3,192.7,SYNTHETIC_PLACEHOLDER (replace with real Agmarknet/CCI series),100.93,SYNTHETIC_PLACEHOLDER (replace with real MOSPI CPI series)
2021-09-13,2021,9,37,Navratri_start,0.3142857142857143,True,False,SYNTHETIC_PROXY (pytrends unreachable in this environment),48.2,192.7,SYNTHETIC_PLACEHOLDER (replace with real Agmarknet/CCI series),101.03,SYNTHETIC_PLACEHOLDER (replace with real MOSPI CPI series)
2021-09-20,2021,9,38,Navratri_start,0.5142857142857143,True,False,SYNTHETIC_PROXY (pytrends unreachable in this environment),52.8,191.1,SYNTHETIC_PLACEHOLDER (replace with real Agmarknet/CCI series),101.14,SYNTHETIC_PLACEHOLDER (replace with real MOSPI CPI series)
2021-09-27,2021,9,39,Navratri_start,0.7142857142857143,True,False,SYNTHETIC_PROXY (pytrends unreachable in this environment),55.3,191.8,SYNTHETIC_PLACEHOLDER (replace with real Agmarknet/CCI series),101.24,SYNTHETIC_PLACEHOLDER (replace with real MOSPI CPI series)
2021-10-04,2021,10,40,Navratri_start,0.9142857142857143,True,False,SYNTHETIC_PROXY (pytrends unreachable in this environment),65.0,191.6,SYNTHETIC_PLACEHOLDER (replace with real Agmarknet/CCI series),101.35,SYNTHETIC_PLACEHOLDER (replace with real MOSPI CPI series)
2021-10-11,2021,10,41,Navratri_start,1.0,True,False,SYNTHETIC_PROXY (pytrends unreachable in this environment),64.2,196.2,SYNTHETIC_PLACEHOLDER (replace with real Agmarknet/CCI series),101.45,SYNTHETIC_PLACEHOLDER (replace with real MOSPI CPI series)
2021-10-18,2021,10,42,Diwali,0.5142857142857143,True,False,SYNTHETIC_PROXY (pytrends unreachable in this environment),40.9,199.6,SYNTHETIC_PLACEHOLDER (replace with real Agmarknet/CCI series),101.56,SYNTHETIC_PLACEHOLDER (replace with real MOSPI CPI series)
2021-10-25,2021,10,43,Diwali,0.7142857142857143,True,False,SYNTHETIC_PROXY (pytrends unreachable in this environment),52.1,200.5,SYNTHETIC_PLACEHOLDER (replace with real Agmarknet/CCI series),101.66,SYNTHETIC_PLACEHOLDER (replace with real MOSPI CPI series)
2021-11-01,2021,11,44,Diwali,0.9142857142857143,True,True,SYNTHETIC_PROXY (pytrends unreachable in this environment),53.3,198.5,SYNTHETIC_PLACEHOLDER (replace with real Agmarknet/CCI series),101.77,SYNTHETIC_PLACEHOLDER (replace with real MOSPI CPI series)
2021-11-08,2021,11,45,Diwali,1.0,True,True,SYNTHETIC_PROXY (pytrends unreachable in this environment),63.5,195.8,SYNTHETIC_PLACEHOLDER (replace with real Agmarknet/CCI series),101.87,SYNTHETIC_PLACEHOLDER (replace with real MOSPI CPI series)
2021-11-15,2021,11,46,,0.0,False,True,SYNTHETIC_PROXY (pytrends unreachable in this environment),24.9,198.1,SYNTHETIC_PLACEHOLDER (replace with real Agmarknet/CCI series),101.98,SYNTHETIC_PLACEHOLDER (replace with real MOSPI CPI series)
2021-11-22,2021,11,47,,0.0,False,True,SYNTHETIC_PROXY (pytrends unreachable in this environment),24.8,198.4,SYNTHETIC_PLACEHOLDER (replace with real Agmarknet/CCI series),102.08,SYNTHETIC_PLACEHOLDER (replace with real MOSPI CPI series)
2021-11-29,2021,11,48,,0.0,False,True,SYNTHETIC_PROXY (pytrends unreachable in this environment),23.6,199.1,SYNTHETIC_PLACEHOLDER (replace with real Agmarknet/CCI series),102.19,SYNTHETIC_PLACEHOLDER (replace with real MOSPI CPI series)
2021-12-06,2021,12,49,,0.0,False,True,SYNTHETIC_PROXY (pytrends unreachable in this environment),32.2,195.0,SYNTHETIC_PLACEHOLDER (replace with real Agmarknet/CCI series),102.29,SYNTHETIC_PLACEHOLDER (replace with real MOSPI CPI series)
2021-12-13,2021,12,50,Pongal,0.08571428571428574,True,True,SYNTHETIC_PROXY (pytrends unreachable in this environment),30.9,196.7,SYNTHETIC_PLACEHOLDER (replace with real Agmarknet/CCI series),102.4,SYNTHETIC_PLACEHOLDER (replace with real MOSPI CPI series)
2021-12-20,2021,12,51,Pongal,0.2857142857142857,True,True,SYNTHETIC_PROXY (pytrends unreachable in this environment),38.3,197.4,SYNTHETIC_PLACEHOLDER (replace with real Agmarknet/CCI series),102.5,SYNTHETIC_PLACEHOLDER (replace with real MOSPI CPI series)
2021-12-27,2021,12,52,Pongal,0.48571428571428565,True,True,SYNTHETIC_PROXY (pytrends unreachable in this environment),47.3,194.7,SYNTHETIC_PLACEHOLDER (replace with real Agmarknet/CCI series),102.61,SYNTHETIC_PLACEHOLDER (replace with real MOSPI CPI series)
2022-01-03,2022,1,1,Pongal,0.6857142857142857,True,True,SYNTHETIC_PROXY (pytrends unreachable in this environment),59.8,193.6,SYNTHETIC_PLACEHOLDER (replace with real Agmarknet/CCI series),102.71,SYNTHETIC_PLACEHOLDER (replace with real MOSPI CPI series)
2022-01-10,2022,1,2,Pongal,0.8857142857142857,True,True,SYNTHETIC_PROXY (pytrends unreachable in this environment),68.2,194.2,SYNTHETIC_PLACEHOLDER (replace with real Agmarknet/CCI series),102.82,SYNTHETIC_PLACEHOLDER (replace with real MOSPI CPI series)
2022-01-17,2022,1,3,Pongal,1.0,True,True,SYNTHETIC_PROXY (pytrends unreachable in this environment),74.6,194.3,SYNTHETIC_PLACEHOLDER (replace with real Agmarknet/CCI series),102.92,SYNTHETIC_PLACEHOLDER (replace with real MOSPI CPI series)
2022-01-24,2022,1,4,,0.0,False,True,SYNTHETIC_PROXY (pytrends unreachable in this environment),41.9,193.7,SYNTHETIC_PLACEHOLDER (replace with real Agmarknet/CCI series),103.03,SYNTHETIC_PLACEHOLDER (replace with real MOSPI CPI series)
2022-01-31,2022,1,5,,0.0,False,True,SYNTHETIC_PROXY (pytrends unreachable in this environment),51.2,193.5,SYNTHETIC_PLACEHOLDER (replace with real Agmarknet/CCI series),103.14,SYNTHETIC_PLACEHOLDER (replace with real MOSPI CPI series)
2022-02-07,2022,2,6,,0.0,False,True,SYNTHETIC_PROXY (pytrends unreachable in this environment),43.4,192.9,SYNTHETIC_PLACEHOLDER (replace with real Agmarknet/CCI series),103.24,SYNTHETIC_PLACEHOLDER (replace with real MOSPI CPI series)
2022-02-14,2022,2,7,,0.0,False,True,SYNTHETIC_PROXY (pytrends unreachable in this environment),45.4,193.2,SYNTHETIC_PLACEHOLDER (replace with real Agmarknet/CCI series),103.35,SYNTHETIC_PLACEHOLDER (replace with real MOSPI CPI series)
2022-02-21,2022,2,8,,0.0,False,True,SYNTHETIC_PROXY (pytrends unreachable in this environment),46.5,196.5,SYNTHETIC_PLACEHOLDER (replace with real Agmarknet/CCI series),103.46,SYNTHETIC_PLACEHOLDER (replace with real MOSPI CPI series)
2022-02-28,2022,2,9,,0.0,False,True,SYNTHETIC_PROXY (pytrends unreachable in this environment),54.6,190.8,SYNTHETIC_PLACEHOLDER (replace with real Agmarknet/CCI series),103.56,SYNTHETIC_PLACEHOLDER (replace with real MOSPI CPI series)
2022-03-07,2022,3,10,,0.0,False,False,SYNTHETIC_PROXY (pytrends unreachable in this environment),58.8,190.3,SYNTHETIC_PLACEHOLDER (replace with real Agmarknet/CCI series),103.67,SYNTHETIC_PLACEHOLDER (replace with real MOSPI CPI series)
2022-03-14,2022,3,11,,0.0,False,False,SYNTHETIC_PROXY (pytrends unreachable in this environment),55.9,190.7,SYNTHETIC_PLACEHOLDER (replace with real Agmarknet/CCI series),103.78,SYNTHETIC_PLACEHOLDER (replace with real MOSPI CPI series)
2022-03-21,2022,3,12,,0.0,False,False,SYNTHETIC_PROXY (pytrends unreachable in this environment),54.9,191.4,SYNTHETIC_PLACEHOLDER (replace with real Agmarknet/CCI series),103.88,SYNTHETIC_PLACEHOLDER (replace with real MOSPI CPI series)
2022-03-28,2022,3,13,,0.0,False,False,SYNTHETIC_PROXY (pytrends unreachable in this environment),56.7,190.5,SYNTHETIC_PLACEHOLDER (replace with real Agmarknet/CCI series),103.99,SYNTHETIC_PLACEHOLDER (replace with real MOSPI CPI series)
2022-04-04,2022,4,14,Eid_ul_Fitr,0.19999999999999996,True,True,SYNTHETIC_PROXY (pytrends unreachable in this environment),71.1,186.7,SYNTHETIC_PLACEHOLDER (replace with real Agmarknet/CCI series),104.1,SYNTHETIC_PLACEHOLDER (replace with real MOSPI CPI series)
2022-04-11,2022,4,15,Eid_ul_Fitr,0.4,True,True,SYNTHETIC_PROXY (pytrends unreachable in this environment),79.7,187.4,SYNTHETIC_PLACEHOLDER (replace with real Agmarknet/CCI series),104.2,SYNTHETIC_PLACEHOLDER (replace with real MOSPI CPI series)
2022-04-18,2022,4,16,Eid_ul_Fitr,0.6,True,True,SYNTHETIC_PROXY (pytrends unreachable in this environment),86.9,191.2,SYNTHETIC_PLACEHOLDER (replace with real Agmarknet/CCI series),104.31,SYNTHETIC_PLACEHOLDER (replace with real MOSPI CPI series)
2022-04-25,2022,4,17,Eid_ul_Fitr,0.8,True,True,SYNTHETIC_PROXY (pytrends unreachable in this environment),89.8,187.8,SYNTHETIC_PLACEHOLDER (replace with real Agmarknet/CCI series),104.42,SYNTHETIC_PLACEHOLDER (replace with real MOSPI CPI series)
2022-05-02,2022,5,18,Eid_ul_Fitr,1.0,True,True,SYNTHETIC_PROXY (pytrends unreachable in this environment),100.0,189.7,SYNTHETIC_PLACEHOLDER (replace with real Agmarknet/CCI series),104.53,SYNTHETIC_PLACEHOLDER (replace with real MOSPI CPI series)
2022-05-09,2022,5,19,Eid_ul_Fitr,1.0,True,True,SYNTHETIC_PROXY (pytrends unreachable in this environment),100.0,189.0,SYNTHETIC_PLACEHOLDER (replace with real Agmarknet/CCI series),104.63,SYNTHETIC_PLACEHOLDER (replace with real MOSPI CPI series)
2022-05-16,2022,5,20,,0.0,False,True,SYNTHETIC_PROXY (pytrends unreachable in this environment),65.7,188.9,SYNTHETIC_PLACEHOLDER (replace with real Agmarknet/CCI series),104.74,SYNTHETIC_PLACEHOLDER (replace with real MOSPI CPI series)
2022-05-23,2022,5,21,,0.0,False,True,SYNTHETIC_PROXY (pytrends unreachable in this environment),67.9,186.5,SYNTHETIC_PLACEHOLDER (replace with real Agmarknet/CCI series),104.85,SYNTHETIC_PLACEHOLDER (replace with real MOSPI CPI series)
2022-05-30,2022,5,22,,0.0,False,True,SYNTHETIC_PROXY (pytrends unreachable in this environment),64.6,185.8,SYNTHETIC_PLACEHOLDER (replace with real Agmarknet/CCI series),104.96,SYNTHETIC_PLACEHOLDER (replace with real MOSPI CPI series)
2022-06-06,2022,6,23,,0.0,False,True,SYNTHETIC_PROXY (pytrends unreachable in this environment),65.4,188.7,SYNTHETIC_PLACEHOLDER (replace with real Agmarknet/CCI series),105.07,SYNTHETIC_PLACEHOLDER (replace with real MOSPI CPI series)
2022-06-13,2022,6,24,,0.0,False,True,SYNTHETIC_PROXY (pytrends unreachable in this environment),61.7,190.0,SYNTHETIC_PLACEHOLDER (replace with real Agmarknet/CCI series),105.17,SYNTHETIC_PLACEHOLDER (replace with real MOSPI CPI series)
2022-06-20,2022,6,25,,0.0,False,True,SYNTHETIC_PROXY (pytrends unreachable in this environment),61.1,193.8,SYNTHETIC_PLACEHOLDER (replace with real Agmarknet/CCI series),105.28,SYNTHETIC_PLACEHOLDER (replace with real MOSPI CPI series)
2022-06-27,2022,6,26,,0.0,False,True,SYNTHETIC_PROXY (pytrends unreachable in this environment),60.8,196.4,SYNTHETIC_PLACEHOLDER (replace with real Agmarknet/CCI series),105.39,SYNTHETIC_PLACEHOLDER (replace with real MOSPI CPI series)
2022-07-04,2022,7,27,,0.0,False,False,SYNTHETIC_PROXY (pytrends unreachable in this environment),50.5,197.3,SYNTHETIC_PLACEHOLDER (replace with real Agmarknet/CCI series),105.5,SYNTHETIC_PLACEHOLDER (replace with real MOSPI CPI series)
2022-07-11,2022,7,28,Raksha_Bandhan,0.11428571428571421,True,False,SYNTHETIC_PROXY (pytrends unreachable in this environment),57.0,201.2,SYNTHETIC_PLACEHOLDER (replace with real Agmarknet/CCI series),105.61,SYNTHETIC_PLACEHOLDER (replace with real MOSPI CPI series)
2022-07-18,2022,7,29,Raksha_Bandhan,0.3142857142857143,True,False,SYNTHETIC_PROXY (pytrends unreachable in this environment),61.2,202.1,SYNTHETIC_PLACEHOLDER (replace with real Agmarknet/CCI series),105.72,SYNTHETIC_PLACEHOLDER (replace with real MOSPI CPI series)
2022-07-25,2022,7,30,Raksha_Bandhan,0.5142857142857143,True,False,SYNTHETIC_PROXY (pytrends unreachable in this environment),65.2,203.9,SYNTHETIC_PLACEHOLDER (replace with real Agmarknet/CCI series),105.83,SYNTHETIC_PLACEHOLDER (replace with real MOSPI CPI series)
2022-08-01,2022,8,31,Raksha_Bandhan,0.7142857142857143,True,False,SYNTHETIC_PROXY (pytrends unreachable in this environment),71.3,203.3,SYNTHETIC_PLACEHOLDER (replace with real Agmarknet/CCI series),105.94,SYNTHETIC_PLACEHOLDER (replace with real MOSPI CPI series)
2022-08-08,2022,8,32,Raksha_Bandhan,0.9142857142857143,True,False,SYNTHETIC_PROXY (pytrends unreachable in this environment),83.0,203.4,SYNTHETIC_PLACEHOLDER (replace with real Agmarknet/CCI series),106.04,SYNTHETIC_PLACEHOLDER (replace with real MOSPI CPI series)
2022-08-15,2022,8,33,Raksha_Bandhan,1.0,True,False,SYNTHETIC_PROXY (pytrends unreachable in this environment),74.1,201.9,SYNTHETIC_PLACEHOLDER (replace with real Agmarknet/CCI series),106.15,SYNTHETIC_PLACEHOLDER (replace with real MOSPI CPI series)
2022-08-22,2022,8,34,Onam,0.5142857142857143,True,False,SYNTHETIC_PROXY (pytrends unreachable in this environment),62.1,204.1,SYNTHETIC_PLACEHOLDER (replace with real Agmarknet/CCI series),106.26,SYNTHETIC_PLACEHOLDER (replace with real MOSPI CPI series)
2022-08-29,2022,8,35,Onam,0.7142857142857143,True,False,SYNTHETIC_PROXY (pytrends unreachable in this environment),56.2,201.5,SYNTHETIC_PLACEHOLDER (replace with real Agmarknet/CCI series),106.37,SYNTHETIC_PLACEHOLDER (replace with real MOSPI CPI series)
2022-09-05,2022,9,36,Onam,0.9142857142857143,True,False,SYNTHETIC_PROXY (pytrends unreachable in this environment),66.4,203.2,SYNTHETIC_PLACEHOLDER (replace with real Agmarknet/CCI series),106.48,SYNTHETIC_PLACEHOLDER (replace with real MOSPI CPI series)
2022-09-12,2022,9,37,Onam,1.0,True,False,SYNTHETIC_PROXY (pytrends unreachable in this environment),69.3,202.8,SYNTHETIC_PLACEHOLDER (replace with real Agmarknet/CCI series),106.59,SYNTHETIC_PLACEHOLDER (replace with real MOSPI CPI series)
2022-09-19,2022,9,38,Navratri_start,0.8,True,False,SYNTHETIC_PROXY (pytrends unreachable in this environment),62.1,205.4,SYNTHETIC_PLACEHOLDER (replace with real Agmarknet/CCI series),106.7,SYNTHETIC_PLACEHOLDER (replace with real MOSPI CPI series)
2022-09-26,2022,9,39,Navratri_start,1.0,True,False,SYNTHETIC_PROXY (pytrends unreachable in this environment),67.9,207.0,SYNTHETIC_PLACEHOLDER (replace with real Agmarknet/CCI series),106.81,SYNTHETIC_PLACEHOLDER (replace with real MOSPI CPI series)
2022-10-03,2022,10,40,Navratri_start,1.0,True,False,SYNTHETIC_PROXY (pytrends unreachable in this environment),66.7,211.0,SYNTHETIC_PLACEHOLDER (replace with real Agmarknet/CCI series),106.92,SYNTHETIC_PLACEHOLDER (replace with real MOSPI CPI series)
2022-10-10,2022,10,41,Diwali,0.6,True,False,SYNTHETIC_PROXY (pytrends unreachable in this environment),46.9,212.6,SYNTHETIC_PLACEHOLDER (replace with real Agmarknet/CCI series),107.03,SYNTHETIC_PLACEHOLDER (replace with real MOSPI CPI series)
2022-10-17,2022,10,42,Diwali,0.8,True,False,SYNTHETIC_PROXY (pytrends unreachable in this environment),52.5,209.2,SYNTHETIC_PLACEHOLDER (replace with real Agmarknet/CCI series),107.14,SYNTHETIC_PLACEHOLDER (replace with real MOSPI CPI series)
2022-10-24,2022,10,43,Diwali,1.0,True,False,SYNTHETIC_PROXY (pytrends unreachable in this environment),64.0,209.0,SYNTHETIC_PLACEHOLDER (replace with real Agmarknet/CCI series),107.25,SYNTHETIC_PLACEHOLDER (replace with real MOSPI CPI series)
2022-10-31,2022,10,44,Diwali,1.0,True,False,SYNTHETIC_PROXY (pytrends unreachable in this environment),59.4,206.4,SYNTHETIC_PLACEHOLDER (replace with real Agmarknet/CCI series),107.36,SYNTHETIC_PLACEHOLDER (replace with real MOSPI CPI series)
2022-11-07,2022,11,45,,0.0,False,True,SYNTHETIC_PROXY (pytrends unreachable in this environment),19.9,205.0,SYNTHETIC_PLACEHOLDER (replace with real Agmarknet/CCI series),107.47,SYNTHETIC_PLACEHOLDER (replace with real MOSPI CPI series)
2022-11-14,2022,11,46,,0.0,False,True,SYNTHETIC_PROXY (pytrends unreachable in this environment),20.6,208.0,SYNTHETIC_PLACEHOLDER (replace with real Agmarknet/CCI series),107.58,SYNTHETIC_PLACEHOLDER (replace with real MOSPI CPI series)
2022-11-21,2022,11,47,,0.0,False,True,SYNTHETIC_PROXY (pytrends unreachable in this environment),21.9,209.1,SYNTHETIC_PLACEHOLDER (replace with real Agmarknet/CCI series),107.7,SYNTHETIC_PLACEHOLDER (replace with real MOSPI CPI series)
2022-11-28,2022,11,48,,0.0,False,True,SYNTHETIC_PROXY (pytrends unreachable in this environment),28.3,207.3,SYNTHETIC_PLACEHOLDER (replace with real Agmarknet/CCI series),107.81,SYNTHETIC_PLACEHOLDER (replace with real MOSPI CPI series)
2022-12-05,2022,12,49,,0.0,False,True,SYNTHETIC_PROXY (pytrends unreachable in this environment),27.9,204.8,SYNTHETIC_PLACEHOLDER (replace with real Agmarknet/CCI series),107.92,SYNTHETIC_PLACEHOLDER (replace with real MOSPI CPI series)
2022-12-12,2022,12,50,Pongal,0.05714285714285716,True,True,SYNTHETIC_PROXY (pytrends unreachable in this environment),33.3,204.5,SYNTHETIC_PLACEHOLDER (replace with real Agmarknet/CCI series),108.03,SYNTHETIC_PLACEHOLDER (replace with real MOSPI CPI series)
2022-12-19,2022,12,51,Pongal,0.2571428571428571,True,True,SYNTHETIC_PROXY (pytrends unreachable in this environment),37.3,201.6,SYNTHETIC_PLACEHOLDER (replace with real Agmarknet/CCI series),108.14,SYNTHETIC_PLACEHOLDER (replace with real MOSPI CPI series)
2022-12-26,2022,12,52,Pongal,0.4571428571428571,True,True,SYNTHETIC_PROXY (pytrends unreachable in this environment),48.4,199.8,SYNTHETIC_PLACEHOLDER (replace with real Agmarknet/CCI series),108.25,SYNTHETIC_PLACEHOLDER (replace with real MOSPI CPI series)
2023-01-02,2023,1,1,Pongal,0.6571428571428571,True,True,SYNTHETIC_PROXY (pytrends unreachable in this environment),59.1,200.5,SYNTHETIC_PLACEHOLDER (replace with real Agmarknet/CCI series),108.36,SYNTHETIC_PLACEHOLDER (replace with real MOSPI CPI series)
2023-01-09,2023,1,2,Pongal,0.8571428571428572,True,True,SYNTHETIC_PROXY (pytrends unreachable in this environment),64.5,203.0,SYNTHETIC_PLACEHOLDER (replace with real Agmarknet/CCI series),108.47,SYNTHETIC_PLACEHOLDER (replace with real MOSPI CPI series)
2023-01-16,2023,1,3,Pongal,1.0,True,True,SYNTHETIC_PROXY (pytrends unreachable in this environment),74.7,204.4,SYNTHETIC_PLACEHOLDER (replace with real Agmarknet/CCI series),108.59,SYNTHETIC_PLACEHOLDER (replace with real MOSPI CPI series)
2023-01-23,2023,1,4,,0.0,False,True,SYNTHETIC_PROXY (pytrends unreachable in this environment),37.6,199.3,SYNTHETIC_PLACEHOLDER (replace with real Agmarknet/CCI series),108.7,SYNTHETIC_PLACEHOLDER (replace with real MOSPI CPI series)
2023-01-30,2023,1,5,,0.0,False,True,SYNTHETIC_PROXY (pytrends unreachable in this environment),41.1,200.0,SYNTHETIC_PLACEHOLDER (replace with real Agmarknet/CCI series),108.81,SYNTHETIC_PLACEHOLDER (replace with real MOSPI CPI series)
2023-02-06,2023,2,6,,0.0,False,True,SYNTHETIC_PROXY (pytrends unreachable in this environment),43.5,200.1,SYNTHETIC_PLACEHOLDER (replace with real Agmarknet/CCI series),108.92,SYNTHETIC_PLACEHOLDER (replace with real MOSPI CPI series)
2023-02-13,2023,2,7,,0.0,False,True,SYNTHETIC_PROXY (pytrends unreachable in this environment),42.6,201.0,SYNTHETIC_PLACEHOLDER (replace with real Agmarknet/CCI series),109.03,SYNTHETIC_PLACEHOLDER (replace with real MOSPI CPI series)
2023-02-20,2023,2,8,,0.0,False,True,SYNTHETIC_PROXY (pytrends unreachable in this environment),51.7,204.6,SYNTHETIC_PLACEHOLDER (replace with real Agmarknet/CCI series),109.15,SYNTHETIC_PLACEHOLDER (replace with real MOSPI CPI series)
2023-02-27,2023,2,9,,0.0,False,True,SYNTHETIC_PROXY (pytrends unreachable in this environment),50.2,200.1,SYNTHETIC_PLACEHOLDER (replace with real Agmarknet/CCI series),109.26,SYNTHETIC_PLACEHOLDER (replace with real MOSPI CPI series)
2023-03-06,2023,3,10,,0.0,False,False,SYNTHETIC_PROXY (pytrends unreachable in this environment),54.3,198.8,SYNTHETIC_PLACEHOLDER (replace with real Agmarknet/CCI series),109.37,SYNTHETIC_PLACEHOLDER (replace with real MOSPI CPI series)
2023-03-13,2023,3,11,,0.0,False,False,SYNTHETIC_PROXY (pytrends unreachable in this environment),58.3,200.1,SYNTHETIC_PLACEHOLDER (replace with real Agmarknet/CCI series),109.48,SYNTHETIC_PLACEHOLDER (replace with real MOSPI CPI series)
2023-03-20,2023,3,12,Eid_ul_Fitr,0.08571428571428574,True,False,SYNTHETIC_PROXY (pytrends unreachable in this environment),63.0,196.6,SYNTHETIC_PLACEHOLDER (replace with real Agmarknet/CCI series),109.6,SYNTHETIC_PLACEHOLDER (replace with real MOSPI CPI series)
2023-03-27,2023,3,13,Eid_ul_Fitr,0.2857142857142857,True,False,SYNTHETIC_PROXY (pytrends unreachable in this environment),72.6,199.8,SYNTHETIC_PLACEHOLDER (replace with real Agmarknet/CCI series),109.71,SYNTHETIC_PLACEHOLDER (replace with real MOSPI CPI series)
2023-04-03,2023,4,14,Eid_ul_Fitr,0.48571428571428565,True,True,SYNTHETIC_PROXY (pytrends unreachable in this environment),78.1,200.6,SYNTHETIC_PLACEHOLDER (replace with real Agmarknet/CCI series),109.82,SYNTHETIC_PLACEHOLDER (replace with real MOSPI CPI series)
2023-04-10,2023,4,15,Eid_ul_Fitr,0.6857142857142857,True,True,SYNTHETIC_PROXY (pytrends unreachable in this environment),85.0,202.5,SYNTHETIC_PLACEHOLDER (replace with real Agmarknet/CCI series),109.94,SYNTHETIC_PLACEHOLDER (replace with real MOSPI CPI series)
2023-04-17,2023,4,16,Eid_ul_Fitr,0.8857142857142857,True,True,SYNTHETIC_PROXY (pytrends unreachable in this environment),94.4,201.2,SYNTHETIC_PLACEHOLDER (replace with real Agmarknet/CCI series),110.05,SYNTHETIC_PLACEHOLDER (replace with real MOSPI CPI series)
2023-04-24,2023,4,17,Eid_ul_Fitr,1.0,True,True,SYNTHETIC_PROXY (pytrends unreachable in this environment),92.7,203.0,SYNTHETIC_PLACEHOLDER (replace with real Agmarknet/CCI series),110.16,SYNTHETIC_PLACEHOLDER (replace with real MOSPI CPI series)
2023-05-01,2023,5,18,,0.0,False,True,SYNTHETIC_PROXY (pytrends unreachable in this environment),59.1,205.4,SYNTHETIC_PLACEHOLDER (replace with real Agmarknet/CCI series),110.28,SYNTHETIC_PLACEHOLDER (replace with real MOSPI CPI series)
2023-05-08,2023,5,19,,0.0,False,True,SYNTHETIC_PROXY (pytrends unreachable in this environment),59.7,205.9,SYNTHETIC_PLACEHOLDER (replace with real Agmarknet/CCI series),110.39,SYNTHETIC_PLACEHOLDER (replace with real MOSPI CPI series)
2023-05-15,2023,5,20,,0.0,False,True,SYNTHETIC_PROXY (pytrends unreachable in this environment),60.9,206.4,SYNTHETIC_PLACEHOLDER (replace with real Agmarknet/CCI series),110.5,SYNTHETIC_PLACEHOLDER (replace with real MOSPI CPI series)
2023-05-22,2023,5,21,,0.0,False,True,SYNTHETIC_PROXY (pytrends unreachable in this environment),66.0,207.0,SYNTHETIC_PLACEHOLDER (replace with real Agmarknet/CCI series),110.62,SYNTHETIC_PLACEHOLDER (replace with real MOSPI CPI series)
2023-05-29,2023,5,22,,0.0,False,True,SYNTHETIC_PROXY (pytrends unreachable in this environment),60.1,205.1,SYNTHETIC_PLACEHOLDER (replace with real Agmarknet/CCI series),110.73,SYNTHETIC_PLACEHOLDER (replace with real MOSPI CPI series)
2023-06-05,2023,6,23,,0.0,False,True,SYNTHETIC_PROXY (pytrends unreachable in this environment),61.2,204.8,SYNTHETIC_PLACEHOLDER (replace with real Agmarknet/CCI series),110.85,SYNTHETIC_PLACEHOLDER (replace with real MOSPI CPI series)
2023-06-12,2023,6,24,,0.0,False,True,SYNTHETIC_PROXY (pytrends unreachable in this environment),66.7,204.5,SYNTHETIC_PLACEHOLDER (replace with real Agmarknet/CCI series),110.96,SYNTHETIC_PLACEHOLDER (replace with real MOSPI CPI series)
2023-06-19,2023,6,25,,0.0,False,True,SYNTHETIC_PROXY (pytrends unreachable in this environment),58.5,205.3,SYNTHETIC_PLACEHOLDER (replace with real Agmarknet/CCI series),111.07,SYNTHETIC_PLACEHOLDER (replace with real MOSPI CPI series)
2023-06-26,2023,6,26,,0.0,False,True,SYNTHETIC_PROXY (pytrends unreachable in this environment),61.2,207.5,SYNTHETIC_PLACEHOLDER (replace with real Agmarknet/CCI series),111.19,SYNTHETIC_PLACEHOLDER (replace with real MOSPI CPI series)
2023-07-03,2023,7,27,,0.0,False,False,SYNTHETIC_PROXY (pytrends unreachable in this environment),52.6,205.2,SYNTHETIC_PLACEHOLDER (replace with real Agmarknet/CCI series),111.3,SYNTHETIC_PLACEHOLDER (replace with real MOSPI CPI series)
2023-07-10,2023,7,28,,0.0,False,False,SYNTHETIC_PROXY (pytrends unreachable in this environment),53.5,204.9,SYNTHETIC_PLACEHOLDER (replace with real Agmarknet/CCI series),111.42,SYNTHETIC_PLACEHOLDER (replace with real MOSPI CPI series)
2023-07-17,2023,7,29,,0.0,False,False,SYNTHETIC_PROXY (pytrends unreachable in this environment),48.3,208.2,SYNTHETIC_PLACEHOLDER (replace with real Agmarknet/CCI series),111.53,SYNTHETIC_PLACEHOLDER (replace with real MOSPI CPI series)
2023-07-24,2023,7,30,,0.0,False,False,SYNTHETIC_PROXY (pytrends unreachable in this environment),48.4,206.5,SYNTHETIC_PLACEHOLDER (replace with real Agmarknet/CCI series),111.65,SYNTHETIC_PLACEHOLDER (replace with real MOSPI CPI series)
2023-07-31,2023,7,31,Onam,0.17142857142857137,True,False,SYNTHETIC_PROXY (pytrends unreachable in this environment),56.8,204.7,SYNTHETIC_PLACEHOLDER (replace with real Agmarknet/CCI series),111.76,SYNTHETIC_PLACEHOLDER (replace with real MOSPI CPI series)
2023-08-07,2023,8,32,Onam,0.37142857142857144,True,False,SYNTHETIC_PROXY (pytrends unreachable in this environment),51.1,205.2,SYNTHETIC_PLACEHOLDER (replace with real Agmarknet/CCI series),111.88,SYNTHETIC_PLACEHOLDER (replace with real MOSPI CPI series)
2023-08-14,2023,8,33,Onam,0.5714285714285714,True,False,SYNTHETIC_PROXY (pytrends unreachable in this environment),64.3,207.0,SYNTHETIC_PLACEHOLDER (replace with real Agmarknet/CCI series),111.99,SYNTHETIC_PLACEHOLDER (replace with real MOSPI CPI series)
2023-08-21,2023,8,34,Onam,0.7714285714285715,True,False,SYNTHETIC_PROXY (pytrends unreachable in this environment),68.2,207.0,SYNTHETIC_PLACEHOLDER (replace with real Agmarknet/CCI series),112.11,SYNTHETIC_PLACEHOLDER (replace with real MOSPI CPI series)
2023-08-28,2023,8,35,Onam,0.9714285714285714,True,False,SYNTHETIC_PROXY (pytrends unreachable in this environment),69.5,210.0,SYNTHETIC_PLACEHOLDER (replace with real Agmarknet/CCI series),112.22,SYNTHETIC_PLACEHOLDER (replace with real MOSPI CPI series)
2023-09-04,2023,9,36,Raksha_Bandhan,1.0,True,False,SYNTHETIC_PROXY (pytrends unreachable in this environment),64.9,211.8,SYNTHETIC_PLACEHOLDER (replace with real Agmarknet/CCI series),112.34,SYNTHETIC_PLACEHOLDER (replace with real MOSPI CPI series)
2023-09-11,2023,9,37,Navratri_start,0.028571428571428692,True,False,SYNTHETIC_PROXY (pytrends unreachable in this environment),34.9,213.7,SYNTHETIC_PLACEHOLDER (replace with real Agmarknet/CCI series),112.45,SYNTHETIC_PLACEHOLDER (replace with real MOSPI CPI series)
2023-09-18,2023,9,38,Navratri_start,0.22857142857142854,True,False,SYNTHETIC_PROXY (pytrends unreachable in this environment),37.6,214.9,SYNTHETIC_PLACEHOLDER (replace with real Agmarknet/CCI series),112.57,SYNTHETIC_PLACEHOLDER (replace with real MOSPI CPI series)
2023-09-25,2023,9,39,Navratri_start,0.4285714285714286,True,False,SYNTHETIC_PROXY (pytrends unreachable in this environment),46.0,220.0,SYNTHETIC_PLACEHOLDER (replace with real Agmarknet/CCI series),112.69,SYNTHETIC_PLACEHOLDER (replace with real MOSPI CPI series)
2023-10-02,2023,10,40,Navratri_start,0.6285714285714286,True,False,SYNTHETIC_PROXY (pytrends unreachable in this environment),50.6,219.6,SYNTHETIC_PLACEHOLDER (replace with real Agmarknet/CCI series),112.8,SYNTHETIC_PLACEHOLDER (replace with real MOSPI CPI series)
2023-10-09,2023,10,41,Navratri_start,0.8285714285714285,True,False,SYNTHETIC_PROXY (pytrends unreachable in this environment),62.7,215.2,SYNTHETIC_PLACEHOLDER (replace with real Agmarknet/CCI series),112.92,SYNTHETIC_PLACEHOLDER (replace with real MOSPI CPI series)
2023-10-16,2023,10,42,Navratri_start,1.0,True,False,SYNTHETIC_PROXY (pytrends unreachable in this environment),60.3,218.7,SYNTHETIC_PLACEHOLDER (replace with real Agmarknet/CCI series),113.03,SYNTHETIC_PLACEHOLDER (replace with real MOSPI CPI series)
2023-10-23,2023,10,43,Diwali,0.4285714285714286,True,False,SYNTHETIC_PROXY (pytrends unreachable in this environment),36.5,217.7,SYNTHETIC_PLACEHOLDER (replace with real Agmarknet/CCI series),113.15,SYNTHETIC_PLACEHOLDER (replace with real MOSPI CPI series)
2023-10-30,2023,10,44,Diwali,0.6285714285714286,True,False,SYNTHETIC_PROXY (pytrends unreachable in this environment),47.9,217.9,SYNTHETIC_PLACEHOLDER (replace with real Agmarknet/CCI series),113.27,SYNTHETIC_PLACEHOLDER (replace with real MOSPI CPI series)
2023-11-06,2023,11,45,Diwali,0.8285714285714285,True,True,SYNTHETIC_PROXY (pytrends unreachable in this environment),54.9,220.5,SYNTHETIC_PLACEHOLDER (replace with real Agmarknet/CCI series),113.38,SYNTHETIC_PLACEHOLDER (replace with real MOSPI CPI series)
2023-11-13,2023,11,46,Diwali,1.0,True,True,SYNTHETIC_PROXY (pytrends unreachable in this environment),65.6,216.7,SYNTHETIC_PLACEHOLDER (replace with real Agmarknet/CCI series),113.5,SYNTHETIC_PLACEHOLDER (replace with real MOSPI CPI series)
2023-11-20,2023,11,47,,0.0,False,True,SYNTHETIC_PROXY (pytrends unreachable in this environment),28.9,213.6,SYNTHETIC_PLACEHOLDER (replace with real Agmarknet/CCI series),113.62,SYNTHETIC_PLACEHOLDER (replace with real MOSPI CPI series)
2023-11-27,2023,11,48,,0.0,False,True,SYNTHETIC_PROXY (pytrends unreachable in this environment),27.7,209.8,SYNTHETIC_PLACEHOLDER (replace with real Agmarknet/CCI series),113.74,SYNTHETIC_PLACEHOLDER (replace with real MOSPI CPI series)
2023-12-04,2023,12,49,,0.0,False,True,SYNTHETIC_PROXY (pytrends unreachable in this environment),33.1,207.8,SYNTHETIC_PLACEHOLDER (replace with real Agmarknet/CCI series),113.85,SYNTHETIC_PLACEHOLDER (replace with real MOSPI CPI series)
2023-12-11,2023,12,50,Pongal,0.028571428571428692,True,True,SYNTHETIC_PROXY (pytrends unreachable in this environment),24.8,208.4,SYNTHETIC_PLACEHOLDER (replace with real Agmarknet/CCI series),113.97,SYNTHETIC_PLACEHOLDER (replace with real MOSPI CPI series)
2023-12-18,2023,12,51,Pongal,0.22857142857142854,True,True,SYNTHETIC_PROXY (pytrends unreachable in this environment),35.5,209.3,SYNTHETIC_PLACEHOLDER (replace with real Agmarknet/CCI series),114.09,SYNTHETIC_PLACEHOLDER (replace with real MOSPI CPI series)
2023-12-25,2023,12,52,Pongal,0.4285714285714286,True,True,SYNTHETIC_PROXY (pytrends unreachable in this environment),43.0,209.6,SYNTHETIC_PLACEHOLDER (replace with real Agmarknet/CCI series),114.2,SYNTHETIC_PLACEHOLDER (replace with real MOSPI CPI series)
2024-01-01,2024,1,1,Pongal,0.6285714285714286,True,True,SYNTHETIC_PROXY (pytrends unreachable in this environment),54.1,206.5,SYNTHETIC_PLACEHOLDER (replace with real Agmarknet/CCI series),114.32,SYNTHETIC_PLACEHOLDER (replace with real MOSPI CPI series)
2024-01-08,2024,1,2,Pongal,0.8285714285714285,True,True,SYNTHETIC_PROXY (pytrends unreachable in this environment),59.2,201.4,SYNTHETIC_PLACEHOLDER (replace with real Agmarknet/CCI series),114.44,SYNTHETIC_PLACEHOLDER (replace with real MOSPI CPI series)
2024-01-15,2024,1,3,Pongal,1.0,True,True,SYNTHETIC_PROXY (pytrends unreachable in this environment),75.4,201.5,SYNTHETIC_PLACEHOLDER (replace with real Agmarknet/CCI series),114.56,SYNTHETIC_PLACEHOLDER (replace with real MOSPI CPI series)
2024-01-22,2024,1,4,,0.0,False,True,SYNTHETIC_PROXY (pytrends unreachable in this environment),39.3,200.5,SYNTHETIC_PLACEHOLDER (replace with real Agmarknet/CCI series),114.68,SYNTHETIC_PLACEHOLDER (replace with real MOSPI CPI series)
2024-01-29,2024,1,5,,0.0,False,True,SYNTHETIC_PROXY (pytrends unreachable in this environment),36.7,201.5,SYNTHETIC_PLACEHOLDER (replace with real Agmarknet/CCI series),114.79,SYNTHETIC_PLACEHOLDER (replace with real MOSPI CPI series)
2024-02-05,2024,2,6,,0.0,False,True,SYNTHETIC_PROXY (pytrends unreachable in this environment),40.9,203.0,SYNTHETIC_PLACEHOLDER (replace with real Agmarknet/CCI series),114.91,SYNTHETIC_PLACEHOLDER (replace with real MOSPI CPI series)
2024-02-12,2024,2,7,,0.0,False,True,SYNTHETIC_PROXY (pytrends unreachable in this environment),48.7,203.3,SYNTHETIC_PLACEHOLDER (replace with real Agmarknet/CCI series),115.03,SYNTHETIC_PLACEHOLDER (replace with real MOSPI CPI series)
2024-02-19,2024,2,8,,0.0,False,True,SYNTHETIC_PROXY (pytrends unreachable in this environment),53.1,205.0,SYNTHETIC_PLACEHOLDER (replace with real Agmarknet/CCI series),115.15,SYNTHETIC_PLACEHOLDER (replace with real MOSPI CPI series)
2024-02-26,2024,2,9,,0.0,False,True,SYNTHETIC_PROXY (pytrends unreachable in this environment),60.1,205.5,SYNTHETIC_PLACEHOLDER (replace with real Agmarknet/CCI series),115.27,SYNTHETIC_PLACEHOLDER (replace with real MOSPI CPI series)
2024-03-04,2024,3,10,,0.0,False,False,SYNTHETIC_PROXY (pytrends unreachable in this environment),65.9,206.7,SYNTHETIC_PLACEHOLDER (replace with real Agmarknet/CCI series),115.39,SYNTHETIC_PLACEHOLDER (replace with real MOSPI CPI series)
2024-03-11,2024,3,11,Eid_ul_Fitr,0.1428571428571429,True,False,SYNTHETIC_PROXY (pytrends unreachable in this environment),63.0,205.1,SYNTHETIC_PLACEHOLDER (replace with real Agmarknet/CCI series),115.51,SYNTHETIC_PLACEHOLDER (replace with real MOSPI CPI series)
2024-03-18,2024,3,12,Eid_ul_Fitr,0.34285714285714286,True,False,SYNTHETIC_PROXY (pytrends unreachable in this environment),66.3,204.7,SYNTHETIC_PLACEHOLDER (replace with real Agmarknet/CCI series),115.62,SYNTHETIC_PLACEHOLDER (replace with real MOSPI CPI series)
2024-03-25,2024,3,13,Eid_ul_Fitr,0.5428571428571429,True,False,SYNTHETIC_PROXY (pytrends unreachable in this environment),70.4,205.2,SYNTHETIC_PLACEHOLDER (replace with real Agmarknet/CCI series),115.74,SYNTHETIC_PLACEHOLDER (replace with real MOSPI CPI series)
2024-04-01,2024,4,14,Eid_ul_Fitr,0.7428571428571429,True,True,SYNTHETIC_PROXY (pytrends unreachable in this environment),88.5,207.0,SYNTHETIC_PLACEHOLDER (replace with real Agmarknet/CCI series),115.86,SYNTHETIC_PLACEHOLDER (replace with real MOSPI CPI series)
2024-04-08,2024,4,15,Eid_ul_Fitr,0.9428571428571428,True,True,SYNTHETIC_PROXY (pytrends unreachable in this environment),92.5,206.1,SYNTHETIC_PLACEHOLDER (replace with real Agmarknet/CCI series),115.98,SYNTHETIC_PLACEHOLDER (replace with real MOSPI CPI series)
2024-04-15,2024,4,16,Eid_ul_Fitr,1.0,True,True,SYNTHETIC_PROXY (pytrends unreachable in this environment),97.0,207.3,SYNTHETIC_PLACEHOLDER (replace with real Agmarknet/CCI series),116.1,SYNTHETIC_PLACEHOLDER (replace with real MOSPI CPI series)
2024-04-22,2024,4,17,,0.0,False,True,SYNTHETIC_PROXY (pytrends unreachable in this environment),62.0,206.7,SYNTHETIC_PLACEHOLDER (replace with real Agmarknet/CCI series),116.22,SYNTHETIC_PLACEHOLDER (replace with real MOSPI CPI series)
2024-04-29,2024,4,18,,0.0,False,True,SYNTHETIC_PROXY (pytrends unreachable in this environment),64.3,206.4,SYNTHETIC_PLACEHOLDER (replace with real Agmarknet/CCI series),116.34,SYNTHETIC_PLACEHOLDER (replace with real MOSPI CPI series)
2024-05-06,2024,5,19,,0.0,False,True,SYNTHETIC_PROXY (pytrends unreachable in this environment),69.3,208.2,SYNTHETIC_PLACEHOLDER (replace with real Agmarknet/CCI series),116.46,SYNTHETIC_PLACEHOLDER (replace with real MOSPI CPI series)
2024-05-13,2024,5,20,,0.0,False,True,SYNTHETIC_PROXY (pytrends unreachable in this environment),65.5,203.9,SYNTHETIC_PLACEHOLDER (replace with real Agmarknet/CCI series),116.58,SYNTHETIC_PLACEHOLDER (replace with real MOSPI CPI series)
2024-05-20,2024,5,21,,0.0,False,True,SYNTHETIC_PROXY (pytrends unreachable in this environment),63.8,201.0,SYNTHETIC_PLACEHOLDER (replace with real Agmarknet/CCI series),116.7,SYNTHETIC_PLACEHOLDER (replace with real MOSPI CPI series)
2024-05-27,2024,5,22,,0.0,False,True,SYNTHETIC_PROXY (pytrends unreachable in this environment),59.6,197.7,SYNTHETIC_PLACEHOLDER (replace with real Agmarknet/CCI series),116.82,SYNTHETIC_PLACEHOLDER (replace with real MOSPI CPI series)
2024-06-03,2024,6,23,,0.0,False,True,SYNTHETIC_PROXY (pytrends unreachable in this environment),56.0,192.6,SYNTHETIC_PLACEHOLDER (replace with real Agmarknet/CCI series),116.94,SYNTHETIC_PLACEHOLDER (replace with real MOSPI CPI series)
2024-06-10,2024,6,24,,0.0,False,True,SYNTHETIC_PROXY (pytrends unreachable in this environment),59.5,191.1,SYNTHETIC_PLACEHOLDER (replace with real Agmarknet/CCI series),117.06,SYNTHETIC_PLACEHOLDER (replace with real MOSPI CPI series)
2024-06-17,2024,6,25,,0.0,False,True,SYNTHETIC_PROXY (pytrends unreachable in this environment),59.8,192.8,SYNTHETIC_PLACEHOLDER (replace with real Agmarknet/CCI series),117.18,SYNTHETIC_PLACEHOLDER (replace with real MOSPI CPI series)
2024-06-24,2024,6,26,,0.0,False,True,SYNTHETIC_PROXY (pytrends unreachable in this environment),65.3,192.1,SYNTHETIC_PLACEHOLDER (replace with real Agmarknet/CCI series),117.3,SYNTHETIC_PLACEHOLDER (replace with real MOSPI CPI series)
2024-07-01,2024,7,27,,0.0,False,False,SYNTHETIC_PROXY (pytrends unreachable in this environment),56.9,192.6,SYNTHETIC_PLACEHOLDER (replace with real Agmarknet/CCI series),117.42,SYNTHETIC_PLACEHOLDER (replace with real MOSPI CPI series)
2024-07-08,2024,7,28,,0.0,False,False,SYNTHETIC_PROXY (pytrends unreachable in this environment),58.2,195.0,SYNTHETIC_PLACEHOLDER (replace with real Agmarknet/CCI series),117.55,SYNTHETIC_PLACEHOLDER (replace with real MOSPI CPI series)
2024-07-15,2024,7,29,,0.0,False,False,SYNTHETIC_PROXY (pytrends unreachable in this environment),50.1,197.9,SYNTHETIC_PLACEHOLDER (replace with real Agmarknet/CCI series),117.67,SYNTHETIC_PLACEHOLDER (replace with real MOSPI CPI series)
2024-07-22,2024,7,30,Raksha_Bandhan,0.19999999999999996,True,False,SYNTHETIC_PROXY (pytrends unreachable in this environment),52.0,197.7,SYNTHETIC_PLACEHOLDER (replace with real Agmarknet/CCI series),117.79,SYNTHETIC_PLACEHOLDER (replace with real MOSPI CPI series)
2024-07-29,2024,7,31,Raksha_Bandhan,0.4,True,False,SYNTHETIC_PROXY (pytrends unreachable in this environment),57.6,200.7,SYNTHETIC_PLACEHOLDER (replace with real Agmarknet/CCI series),117.91,SYNTHETIC_PLACEHOLDER (replace with real MOSPI CPI series)
2024-08-05,2024,8,32,Raksha_Bandhan,0.6,True,False,SYNTHETIC_PROXY (pytrends unreachable in this environment),63.1,200.9,SYNTHETIC_PLACEHOLDER (replace with real Agmarknet/CCI series),118.03,SYNTHETIC_PLACEHOLDER (replace with real MOSPI CPI series)
2024-08-12,2024,8,33,Raksha_Bandhan,0.8,True,False,SYNTHETIC_PROXY (pytrends unreachable in this environment),79.1,199.1,SYNTHETIC_PLACEHOLDER (replace with real Agmarknet/CCI series),118.15,SYNTHETIC_PLACEHOLDER (replace with real MOSPI CPI series)
2024-08-19,2024,8,34,Raksha_Bandhan,1.0,True,False,SYNTHETIC_PROXY (pytrends unreachable in this environment),71.9,197.8,SYNTHETIC_PLACEHOLDER (replace with real Agmarknet/CCI series),118.27,SYNTHETIC_PLACEHOLDER (replace with real MOSPI CPI series)
2024-08-26,2024,8,35,Raksha_Bandhan,1.0,True,False,SYNTHETIC_PROXY (pytrends unreachable in this environment),76.3,194.5,SYNTHETIC_PLACEHOLDER (replace with real Agmarknet/CCI series),118.4,SYNTHETIC_PLACEHOLDER (replace with real MOSPI CPI series)
2024-09-02,2024,9,36,Onam,0.6285714285714286,True,False,SYNTHETIC_PROXY (pytrends unreachable in this environment),54.1,192.6,SYNTHETIC_PLACEHOLDER (replace with real Agmarknet/CCI series),118.52,SYNTHETIC_PLACEHOLDER (replace with real MOSPI CPI series)
2024-09-09,2024,9,37,Onam,0.8285714285714285,True,False,SYNTHETIC_PROXY (pytrends unreachable in this environment),66.4,191.8,SYNTHETIC_PLACEHOLDER (replace with real Agmarknet/CCI series),118.64,SYNTHETIC_PLACEHOLDER (replace with real MOSPI CPI series)
2024-09-16,2024,9,38,Onam,1.0,True,False,SYNTHETIC_PROXY (pytrends unreachable in this environment),68.3,193.5,SYNTHETIC_PLACEHOLDER (replace with real Agmarknet/CCI series),118.76,SYNTHETIC_PLACEHOLDER (replace with real MOSPI CPI series)
2024-09-23,2024,9,39,Navratri_start,0.7142857142857143,True,False,SYNTHETIC_PROXY (pytrends unreachable in this environment),54.4,197.3,SYNTHETIC_PLACEHOLDER (replace with real Agmarknet/CCI series),118.88,SYNTHETIC_PLACEHOLDER (replace with real MOSPI CPI series)
2024-09-30,2024,9,40,Navratri_start,0.9142857142857143,True,False,SYNTHETIC_PROXY (pytrends unreachable in this environment),60.4,194.3,SYNTHETIC_PLACEHOLDER (replace with real Agmarknet/CCI series),119.01,SYNTHETIC_PLACEHOLDER (replace with real MOSPI CPI series)
2024-10-07,2024,10,41,Navratri_start,1.0,True,False,SYNTHETIC_PROXY (pytrends unreachable in this environment),59.7,195.2,SYNTHETIC_PLACEHOLDER (replace with real Agmarknet/CCI series),119.13,SYNTHETIC_PLACEHOLDER (replace with real MOSPI CPI series)
2024-10-14,2024,10,42,Diwali,0.5142857142857143,True,False,SYNTHETIC_PROXY (pytrends unreachable in this environment),46.1,192.9,SYNTHETIC_PLACEHOLDER (replace with real Agmarknet/CCI series),119.25,SYNTHETIC_PLACEHOLDER (replace with real MOSPI CPI series)
2024-10-21,2024,10,43,Diwali,0.7142857142857143,True,False,SYNTHETIC_PROXY (pytrends unreachable in this environment),48.8,193.9,SYNTHETIC_PLACEHOLDER (replace with real Agmarknet/CCI series),119.37,SYNTHETIC_PLACEHOLDER (replace with real MOSPI CPI series)
2024-10-28,2024,10,44,Diwali,0.9142857142857143,True,False,SYNTHETIC_PROXY (pytrends unreachable in this environment),52.2,193.6,SYNTHETIC_PLACEHOLDER (replace with real Agmarknet/CCI series),119.5,SYNTHETIC_PLACEHOLDER (replace with real MOSPI CPI series)
2024-11-04,2024,11,45,Diwali,1.0,True,True,SYNTHETIC_PROXY (pytrends unreachable in this environment),54.9,189.3,SYNTHETIC_PLACEHOLDER (replace with real Agmarknet/CCI series),119.62,SYNTHETIC_PLACEHOLDER (replace with real MOSPI CPI series)
2024-11-11,2024,11,46,,0.0,False,True,SYNTHETIC_PROXY (pytrends unreachable in this environment),25.8,191.0,SYNTHETIC_PLACEHOLDER (replace with real Agmarknet/CCI series),119.74,SYNTHETIC_PLACEHOLDER (replace with real MOSPI CPI series)
2024-11-18,2024,11,47,,0.0,False,True,SYNTHETIC_PROXY (pytrends unreachable in this environment),31.9,189.4,SYNTHETIC_PLACEHOLDER (replace with real Agmarknet/CCI series),119.87,SYNTHETIC_PLACEHOLDER (replace with real MOSPI CPI series)
2024-11-25,2024,11,48,,0.0,False,True,SYNTHETIC_PROXY (pytrends unreachable in this environment),26.9,187.9,SYNTHETIC_PLACEHOLDER (replace with real Agmarknet/CCI series),119.99,SYNTHETIC_PLACEHOLDER (replace with real MOSPI CPI series)
2024-12-02,2024,12,49,,0.0,False,True,SYNTHETIC_PROXY (pytrends unreachable in this environment),26.8,185.3,SYNTHETIC_PLACEHOLDER (replace with real Agmarknet/CCI series),120.11,SYNTHETIC_PLACEHOLDER (replace with real MOSPI CPI series)
2024-12-09,2024,12,50,,0.0,False,True,SYNTHETIC_PROXY (pytrends unreachable in this environment),29.7,183.5,SYNTHETIC_PLACEHOLDER (replace with real Agmarknet/CCI series),120.24,SYNTHETIC_PLACEHOLDER (replace with real MOSPI CPI series)
2024-12-16,2024,12,51,Pongal,0.17142857142857137,True,True,SYNTHETIC_PROXY (pytrends unreachable in this environment),41.3,184.2,SYNTHETIC_PLACEHOLDER (replace with real Agmarknet/CCI series),120.36,SYNTHETIC_PLACEHOLDER (replace with real MOSPI CPI series)
2024-12-23,2024,12,52,Pongal,0.37142857142857144,True,True,SYNTHETIC_PROXY (pytrends unreachable in this environment),45.6,183.5,SYNTHETIC_PLACEHOLDER (replace with real Agmarknet/CCI series),120.49,SYNTHETIC_PLACEHOLDER (replace with real MOSPI CPI series)
2024-12-30,2024,12,1,Pongal,0.5714285714285714,True,True,SYNTHETIC_PROXY (pytrends unreachable in this environment),52.0,183.9,SYNTHETIC_PLACEHOLDER (replace with real Agmarknet/CCI series),120.61,SYNTHETIC_PLACEHOLDER (replace with real MOSPI CPI series)
2025-01-06,2025,1,2,Pongal,0.7714285714285715,True,True,SYNTHETIC_PROXY (pytrends unreachable in this environment),67.1,184.7,SYNTHETIC_PLACEHOLDER (replace with real Agmarknet/CCI series),120.73,SYNTHETIC_PLACEHOLDER (replace with real MOSPI CPI series)
2025-01-13,2025,1,3,Pongal,0.9714285714285714,True,True,SYNTHETIC_PROXY (pytrends unreachable in this environment),73.6,187.6,SYNTHETIC_PLACEHOLDER (replace with real Agmarknet/CCI series),120.86,SYNTHETIC_PLACEHOLDER (replace with real MOSPI CPI series)
2025-01-20,2025,1,4,Pongal,1.0,True,True,SYNTHETIC_PROXY (pytrends unreachable in this environment),81.4,186.8,SYNTHETIC_PLACEHOLDER (replace with real Agmarknet/CCI series),120.98,SYNTHETIC_PLACEHOLDER (replace with real MOSPI CPI series)
2025-01-27,2025,1,5,,0.0,False,True,SYNTHETIC_PROXY (pytrends unreachable in this environment),43.3,183.6,SYNTHETIC_PLACEHOLDER (replace with real Agmarknet/CCI series),121.11,SYNTHETIC_PLACEHOLDER (replace with real MOSPI CPI series)
2025-02-03,2025,2,6,,0.0,False,True,SYNTHETIC_PROXY (pytrends unreachable in this environment),40.1,185.9,SYNTHETIC_PLACEHOLDER (replace with real Agmarknet/CCI series),121.23,SYNTHETIC_PLACEHOLDER (replace with real MOSPI CPI series)
2025-02-10,2025,2,7,,0.0,False,True,SYNTHETIC_PROXY (pytrends unreachable in this environment),41.9,185.2,SYNTHETIC_PLACEHOLDER (replace with real Agmarknet/CCI series),121.36,SYNTHETIC_PLACEHOLDER (replace with real MOSPI CPI series)
2025-02-17,2025,2,8,,0.0,False,True,SYNTHETIC_PROXY (pytrends unreachable in this environment),56.4,187.7,SYNTHETIC_PLACEHOLDER (replace with real Agmarknet/CCI series),121.48,SYNTHETIC_PLACEHOLDER (replace with real MOSPI CPI series)
2025-02-24,2025,2,9,Eid_ul_Fitr,0.028571428571428692,True,True,SYNTHETIC_PROXY (pytrends unreachable in this environment),60.0,188.5,SYNTHETIC_PLACEHOLDER (replace with real Agmarknet/CCI series),121.61,SYNTHETIC_PLACEHOLDER (replace with real MOSPI CPI series)
2025-03-03,2025,3,10,Eid_ul_Fitr,0.22857142857142854,True,False,SYNTHETIC_PROXY (pytrends unreachable in this environment),61.6,188.2,SYNTHETIC_PLACEHOLDER (replace with real Agmarknet/CCI series),121.73,SYNTHETIC_PLACEHOLDER (replace with real MOSPI CPI series)
2025-03-10,2025,3,11,Eid_ul_Fitr,0.4285714285714286,True,False,SYNTHETIC_PROXY (pytrends unreachable in this environment),69.8,189.0,SYNTHETIC_PLACEHOLDER (replace with real Agmarknet/CCI series),121.86,SYNTHETIC_PLACEHOLDER (replace with real MOSPI CPI series)
2025-03-17,2025,3,12,Eid_ul_Fitr,0.6285714285714286,True,False,SYNTHETIC_PROXY (pytrends unreachable in this environment),86.1,193.3,SYNTHETIC_PLACEHOLDER (replace with real Agmarknet/CCI series),121.98,SYNTHETIC_PLACEHOLDER (replace with real MOSPI CPI series)
2025-03-24,2025,3,13,Eid_ul_Fitr,0.8285714285714285,True,False,SYNTHETIC_PROXY (pytrends unreachable in this environment),84.5,197.8,SYNTHETIC_PLACEHOLDER (replace with real Agmarknet/CCI series),122.11,SYNTHETIC_PLACEHOLDER (replace with real MOSPI CPI series)
2025-03-31,2025,3,14,Eid_ul_Fitr,1.0,True,False,SYNTHETIC_PROXY (pytrends unreachable in this environment),92.9,198.0,SYNTHETIC_PLACEHOLDER (replace with real Agmarknet/CCI series),122.24,SYNTHETIC_PLACEHOLDER (replace with real MOSPI CPI series)
2025-04-07,2025,4,15,,0.0,False,True,SYNTHETIC_PROXY (pytrends unreachable in this environment),65.3,198.3,SYNTHETIC_PLACEHOLDER (replace with real Agmarknet/CCI series),122.36,SYNTHETIC_PLACEHOLDER (replace with real MOSPI CPI series)
2025-04-14,2025,4,16,,0.0,False,True,SYNTHETIC_PROXY (pytrends unreachable in this environment),62.1,200.7,SYNTHETIC_PLACEHOLDER (replace with real Agmarknet/CCI series),122.49,SYNTHETIC_PLACEHOLDER (replace with real MOSPI CPI series)
2025-04-21,2025,4,17,,0.0,False,True,SYNTHETIC_PROXY (pytrends unreachable in this environment),64.4,198.8,SYNTHETIC_PLACEHOLDER (replace with real Agmarknet/CCI series),122.61,SYNTHETIC_PLACEHOLDER (replace with real MOSPI CPI series)
2025-04-28,2025,4,18,,0.0,False,True,SYNTHETIC_PROXY (pytrends unreachable in this environment),64.2,199.6,SYNTHETIC_PLACEHOLDER (replace with real Agmarknet/CCI series),122.74,SYNTHETIC_PLACEHOLDER (replace with real MOSPI CPI series)
2025-05-05,2025,5,19,,0.0,False,True,SYNTHETIC_PROXY (pytrends unreachable in this environment),66.4,199.5,SYNTHETIC_PLACEHOLDER (replace with real Agmarknet/CCI series),122.87,SYNTHETIC_PLACEHOLDER (replace with real MOSPI CPI series)
2025-05-12,2025,5,20,,0.0,False,True,SYNTHETIC_PROXY (pytrends unreachable in this environment),70.5,200.2,SYNTHETIC_PLACEHOLDER (replace with real Agmarknet/CCI series),122.99,SYNTHETIC_PLACEHOLDER (replace with real MOSPI CPI series)
2025-05-19,2025,5,21,,0.0,False,True,SYNTHETIC_PROXY (pytrends unreachable in this environment),64.8,198.4,SYNTHETIC_PLACEHOLDER (replace with real Agmarknet/CCI series),123.12,SYNTHETIC_PLACEHOLDER (replace with real MOSPI CPI series)
2025-05-26,2025,5,22,,0.0,False,True,SYNTHETIC_PROXY (pytrends unreachable in this environment),66.3,194.9,SYNTHETIC_PLACEHOLDER (replace with real Agmarknet/CCI series),123.25,SYNTHETIC_PLACEHOLDER (replace with real MOSPI CPI series)
2025-06-02,2025,6,23,,0.0,False,True,SYNTHETIC_PROXY (pytrends unreachable in this environment),54.5,190.3,SYNTHETIC_PLACEHOLDER (replace with real Agmarknet/CCI series),123.37,SYNTHETIC_PLACEHOLDER (replace with real MOSPI CPI series)
2025-06-09,2025,6,24,,0.0,False,True,SYNTHETIC_PROXY (pytrends unreachable in this environment),61.3,187.9,SYNTHETIC_PLACEHOLDER (replace with real Agmarknet/CCI series),123.5,SYNTHETIC_PLACEHOLDER (replace with real MOSPI CPI series)
2025-06-16,2025,6,25,,0.0,False,True,SYNTHETIC_PROXY (pytrends unreachable in this environment),56.6,186.9,SYNTHETIC_PLACEHOLDER (replace with real Agmarknet/CCI series),123.63,SYNTHETIC_PLACEHOLDER (replace with real MOSPI CPI series)
2025-06-23,2025,6,26,,0.0,False,True,SYNTHETIC_PROXY (pytrends unreachable in this environment),53.4,186.2,SYNTHETIC_PLACEHOLDER (replace with real Agmarknet/CCI series),123.75,SYNTHETIC_PLACEHOLDER (replace with real MOSPI CPI series)
2025-06-30,2025,6,27,,0.0,False,True,SYNTHETIC_PROXY (pytrends unreachable in this environment),52.8,190.5,SYNTHETIC_PLACEHOLDER (replace with real Agmarknet/CCI series),123.88,SYNTHETIC_PLACEHOLDER (replace with real MOSPI CPI series)
2025-07-07,2025,7,28,Raksha_Bandhan,0.05714285714285716,True,False,SYNTHETIC_PROXY (pytrends unreachable in this environment),55.0,192.9,SYNTHETIC_PLACEHOLDER (replace with real Agmarknet/CCI series),124.01,SYNTHETIC_PLACEHOLDER (replace with real MOSPI CPI series)
2025-07-14,2025,7,29,Raksha_Bandhan,0.2571428571428571,True,False,SYNTHETIC_PROXY (pytrends unreachable in this environment),64.8,190.8,SYNTHETIC_PLACEHOLDER (replace with real Agmarknet/CCI series),124.14,SYNTHETIC_PLACEHOLDER (replace with real MOSPI CPI series)
2025-07-21,2025,7,30,Raksha_Bandhan,0.4571428571428571,True,False,SYNTHETIC_PROXY (pytrends unreachable in this environment),60.5,191.6,SYNTHETIC_PLACEHOLDER (replace with real Agmarknet/CCI series),124.27,SYNTHETIC_PLACEHOLDER (replace with real MOSPI CPI series)
2025-07-28,2025,7,31,Raksha_Bandhan,0.6571428571428571,True,False,SYNTHETIC_PROXY (pytrends unreachable in this environment),70.5,190.7,SYNTHETIC_PLACEHOLDER (replace with real Agmarknet/CCI series),124.39,SYNTHETIC_PLACEHOLDER (replace with real MOSPI CPI series)
2025-08-04,2025,8,32,Raksha_Bandhan,0.8571428571428572,True,False,SYNTHETIC_PROXY (pytrends unreachable in this environment),73.1,190.0,SYNTHETIC_PLACEHOLDER (replace with real Agmarknet/CCI series),124.52,SYNTHETIC_PLACEHOLDER (replace with real MOSPI CPI series)
2025-08-11,2025,8,33,Raksha_Bandhan,1.0,True,False,SYNTHETIC_PROXY (pytrends unreachable in this environment),76.3,190.4,SYNTHETIC_PLACEHOLDER (replace with real Agmarknet/CCI series),124.65,SYNTHETIC_PLACEHOLDER (replace with real MOSPI CPI series)
2025-08-18,2025,8,34,Onam,0.48571428571428565,True,False,SYNTHETIC_PROXY (pytrends unreachable in this environment),61.2,191.8,SYNTHETIC_PLACEHOLDER (replace with real Agmarknet/CCI series),124.78,SYNTHETIC_PLACEHOLDER (replace with real MOSPI CPI series)
2025-08-25,2025,8,35,Onam,0.6857142857142857,True,False,SYNTHETIC_PROXY (pytrends unreachable in this environment),64.1,191.1,SYNTHETIC_PLACEHOLDER (replace with real Agmarknet/CCI series),124.91,SYNTHETIC_PLACEHOLDER (replace with real MOSPI CPI series)
2025-09-01,2025,9,36,Onam,0.8857142857142857,True,False,SYNTHETIC_PROXY (pytrends unreachable in this environment),72.1,193.4,SYNTHETIC_PLACEHOLDER (replace with real Agmarknet/CCI series),125.04,SYNTHETIC_PLACEHOLDER (replace with real MOSPI CPI series)
2025-09-08,2025,9,37,Onam,1.0,True,False,SYNTHETIC_PROXY (pytrends unreachable in this environment),68.0,190.9,SYNTHETIC_PLACEHOLDER (replace with real Agmarknet/CCI series),125.16,SYNTHETIC_PLACEHOLDER (replace with real MOSPI CPI series)
2025-09-15,2025,9,38,Navratri_start,0.8,True,False,SYNTHETIC_PROXY (pytrends unreachable in this environment),57.0,190.9,SYNTHETIC_PLACEHOLDER (replace with real Agmarknet/CCI series),125.29,SYNTHETIC_PLACEHOLDER (replace with real MOSPI CPI series)
2025-09-22,2025,9,39,Navratri_start,1.0,True,False,SYNTHETIC_PROXY (pytrends unreachable in this environment),64.1,196.6,SYNTHETIC_PLACEHOLDER (replace with real Agmarknet/CCI series),125.42,SYNTHETIC_PLACEHOLDER (replace with real MOSPI CPI series)
2025-09-29,2025,9,40,Navratri_start,1.0,True,False,SYNTHETIC_PROXY (pytrends unreachable in this environment),64.5,197.1,SYNTHETIC_PLACEHOLDER (replace with real Agmarknet/CCI series),125.55,SYNTHETIC_PLACEHOLDER (replace with real MOSPI CPI series)
2025-10-06,2025,10,41,Diwali,0.6,True,False,SYNTHETIC_PROXY (pytrends unreachable in this environment),49.0,200.3,SYNTHETIC_PLACEHOLDER (replace with real Agmarknet/CCI series),125.68,SYNTHETIC_PLACEHOLDER (replace with real MOSPI CPI series)
2025-10-13,2025,10,42,Diwali,0.8,True,False,SYNTHETIC_PROXY (pytrends unreachable in this environment),50.0,200.5,SYNTHETIC_PLACEHOLDER (replace with real Agmarknet/CCI series),125.81,SYNTHETIC_PLACEHOLDER (replace with real MOSPI CPI series)
2025-10-20,2025,10,43,Diwali,1.0,True,False,SYNTHETIC_PROXY (pytrends unreachable in this environment),60.9,201.7,SYNTHETIC_PLACEHOLDER (replace with real Agmarknet/CCI series),125.94,SYNTHETIC_PLACEHOLDER (replace with real MOSPI CPI series)
2025-10-27,2025,10,44,Diwali,1.0,True,False,SYNTHETIC_PROXY (pytrends unreachable in this environment),61.1,201.6,SYNTHETIC_PLACEHOLDER (replace with real Agmarknet/CCI series),126.07,SYNTHETIC_PLACEHOLDER (replace with real MOSPI CPI series)
2025-11-03,2025,11,45,,0.0,False,True,SYNTHETIC_PROXY (pytrends unreachable in this environment),35.1,200.9,SYNTHETIC_PLACEHOLDER (replace with real Agmarknet/CCI series),126.2,SYNTHETIC_PLACEHOLDER (replace with real MOSPI CPI series)
2025-11-10,2025,11,46,,0.0,False,True,SYNTHETIC_PROXY (pytrends unreachable in this environment),32.7,198.9,SYNTHETIC_PLACEHOLDER (replace with real Agmarknet/CCI series),126.33,SYNTHETIC_PLACEHOLDER (replace with real MOSPI CPI series)
2025-11-17,2025,11,47,,0.0,False,True,SYNTHETIC_PROXY (pytrends unreachable in this environment),22.2,199.6,SYNTHETIC_PLACEHOLDER (replace with real Agmarknet/CCI series),126.46,SYNTHETIC_PLACEHOLDER (replace with real MOSPI CPI series)
2025-11-24,2025,11,48,,0.0,False,True,SYNTHETIC_PROXY (pytrends unreachable in this environment),25.2,197.4,SYNTHETIC_PLACEHOLDER (replace with real Agmarknet/CCI series),126.59,SYNTHETIC_PLACEHOLDER (replace with real MOSPI CPI series)
2025-12-01,2025,12,49,,0.0,False,True,SYNTHETIC_PROXY (pytrends unreachable in this environment),21.4,198.6,SYNTHETIC_PLACEHOLDER (replace with real Agmarknet/CCI series),126.72,SYNTHETIC_PLACEHOLDER (replace with real MOSPI CPI series)
2025-12-08,2025,12,50,,0.0,False,True,SYNTHETIC_PROXY (pytrends unreachable in this environment),26.2,200.6,SYNTHETIC_PLACEHOLDER (replace with real Agmarknet/CCI series),126.85,SYNTHETIC_PLACEHOLDER (replace with real MOSPI CPI series)
2025-12-15,2025,12,51,Pongal,0.1428571428571429,True,True,SYNTHETIC_PROXY (pytrends unreachable in this environment),36.3,201.2,SYNTHETIC_PLACEHOLDER (replace with real Agmarknet/CCI series),126.98,SYNTHETIC_PLACEHOLDER (replace with real MOSPI CPI series)
2025-12-22,2025,12,52,Pongal,0.34285714285714286,True,True,SYNTHETIC_PROXY (pytrends unreachable in this environment),48.6,200.2,SYNTHETIC_PLACEHOLDER (replace with real Agmarknet/CCI series),127.11,SYNTHETIC_PLACEHOLDER (replace with real MOSPI CPI series)
2025-12-29,2025,12,1,Pongal,0.5428571428571429,True,True,SYNTHETIC_PROXY (pytrends unreachable in this environment),49.7,200.9,SYNTHETIC_PLACEHOLDER (replace with real Agmarknet/CCI series),127.24,SYNTHETIC_PLACEHOLDER (replace with real MOSPI CPI series)
2026-01-05,2026,1,2,Pongal,0.7428571428571429,True,True,SYNTHETIC_PROXY (pytrends unreachable in this environment),59.1,200.2,SYNTHETIC_PLACEHOLDER (replace with real Agmarknet/CCI series),127.37,SYNTHETIC_PLACEHOLDER (replace with real MOSPI CPI series)
2026-01-12,2026,1,3,Pongal,0.9428571428571428,True,True,SYNTHETIC_PROXY (pytrends unreachable in this environment),62.3,202.3,SYNTHETIC_PLACEHOLDER (replace with real Agmarknet/CCI series),127.51,SYNTHETIC_PLACEHOLDER (replace with real MOSPI CPI series)
2026-01-19,2026,1,4,Pongal,1.0,True,True,SYNTHETIC_PROXY (pytrends unreachable in this environment),74.6,198.3,SYNTHETIC_PLACEHOLDER (replace with real Agmarknet/CCI series),127.64,SYNTHETIC_PLACEHOLDER (replace with real MOSPI CPI series)
2026-01-26,2026,1,5,,0.0,False,True,SYNTHETIC_PROXY (pytrends unreachable in this environment),38.3,197.5,SYNTHETIC_PLACEHOLDER (replace with real Agmarknet/CCI series),127.77,SYNTHETIC_PLACEHOLDER (replace with real MOSPI CPI series)
2026-02-02,2026,2,6,,0.0,False,True,SYNTHETIC_PROXY (pytrends unreachable in this environment),42.9,193.2,SYNTHETIC_PLACEHOLDER (replace with real Agmarknet/CCI series),127.9,SYNTHETIC_PLACEHOLDER (replace with real MOSPI CPI series)
2026-02-09,2026,2,7,,0.0,False,True,SYNTHETIC_PROXY (pytrends unreachable in this environment),43.9,189.9,SYNTHETIC_PLACEHOLDER (replace with real Agmarknet/CCI series),128.03,SYNTHETIC_PLACEHOLDER (replace with real MOSPI CPI series)
2026-02-16,2026,2,8,Eid_ul_Fitr,0.08571428571428574,True,True,SYNTHETIC_PROXY (pytrends unreachable in this environment),52.4,192.9,SYNTHETIC_PLACEHOLDER (replace with real Agmarknet/CCI series),128.16,SYNTHETIC_PLACEHOLDER (replace with real MOSPI CPI series)
2026-02-23,2026,2,9,Eid_ul_Fitr,0.2857142857142857,True,True,SYNTHETIC_PROXY (pytrends unreachable in this environment),55.1,194.8,SYNTHETIC_PLACEHOLDER (replace with real Agmarknet/CCI series),128.3,SYNTHETIC_PLACEHOLDER (replace with real MOSPI CPI series)
2026-03-02,2026,3,10,Eid_ul_Fitr,0.48571428571428565,True,False,SYNTHETIC_PROXY (pytrends unreachable in this environment),65.4,193.3,SYNTHETIC_PLACEHOLDER (replace with real Agmarknet/CCI series),128.43,SYNTHETIC_PLACEHOLDER (replace with real MOSPI CPI series)
2026-03-09,2026,3,11,Eid_ul_Fitr,0.6857142857142857,True,False,SYNTHETIC_PROXY (pytrends unreachable in this environment),88.9,189.9,SYNTHETIC_PLACEHOLDER (replace with real Agmarknet/CCI series),128.56,SYNTHETIC_PLACEHOLDER (replace with real MOSPI CPI series)
2026-03-16,2026,3,12,Eid_ul_Fitr,0.8857142857142857,True,False,SYNTHETIC_PROXY (pytrends unreachable in this environment),84.1,183.4,SYNTHETIC_PLACEHOLDER (replace with real Agmarknet/CCI series),128.69,SYNTHETIC_PLACEHOLDER (replace with real MOSPI CPI series)
2026-03-23,2026,3,13,Eid_ul_Fitr,1.0,True,False,SYNTHETIC_PROXY (pytrends unreachable in this environment),90.6,182.2,SYNTHETIC_PLACEHOLDER (replace with real Agmarknet/CCI series),128.83,SYNTHETIC_PLACEHOLDER (replace with real MOSPI CPI series)
2026-03-30,2026,3,14,,0.0,False,False,SYNTHETIC_PROXY (pytrends unreachable in this environment),68.8,187.6,SYNTHETIC_PLACEHOLDER (replace with real Agmarknet/CCI series),128.96,SYNTHETIC_PLACEHOLDER (replace with real MOSPI CPI series)
2026-04-06,2026,4,15,,0.0,False,True,SYNTHETIC_PROXY (pytrends unreachable in this environment),74.3,188.5,SYNTHETIC_PLACEHOLDER (replace with real Agmarknet/CCI series),129.09,SYNTHETIC_PLACEHOLDER (replace with real MOSPI CPI series)
2026-04-13,2026,4,16,,0.0,False,True,SYNTHETIC_PROXY (pytrends unreachable in this environment),59.0,187.3,SYNTHETIC_PLACEHOLDER (replace with real Agmarknet/CCI series),129.22,SYNTHETIC_PLACEHOLDER (replace with real MOSPI CPI series)
2026-04-20,2026,4,17,,0.0,False,True,SYNTHETIC_PROXY (pytrends unreachable in this environment),62.9,188.3,SYNTHETIC_PLACEHOLDER (replace with real Agmarknet/CCI series),129.36,SYNTHETIC_PLACEHOLDER (replace with real MOSPI CPI series)
2026-04-27,2026,4,18,,0.0,False,True,SYNTHETIC_PROXY (pytrends unreachable in this environment),66.2,184.9,SYNTHETIC_PLACEHOLDER (replace with real Agmarknet/CCI series),129.49,SYNTHETIC_PLACEHOLDER (replace with real MOSPI CPI series)
2026-05-04,2026,5,19,,0.0,False,True,SYNTHETIC_PROXY (pytrends unreachable in this environment),71.9,184.2,SYNTHETIC_PLACEHOLDER (replace with real Agmarknet/CCI series),129.62,SYNTHETIC_PLACEHOLDER (replace with real MOSPI CPI series)
2026-05-11,2026,5,20,,0.0,False,True,SYNTHETIC_PROXY (pytrends unreachable in this environment),60.9,184.4,SYNTHETIC_PLACEHOLDER (replace with real Agmarknet/CCI series),129.76,SYNTHETIC_PLACEHOLDER (replace with real MOSPI CPI series)
2026-05-18,2026,5,21,,0.0,False,True,SYNTHETIC_PROXY (pytrends unreachable in this environment),63.4,184.2,SYNTHETIC_PLACEHOLDER (replace with real Agmarknet/CCI series),129.89,SYNTHETIC_PLACEHOLDER (replace with real MOSPI CPI series)
2026-05-25,2026,5,22,,0.0,False,True,SYNTHETIC_PROXY (pytrends unreachable in this environment),66.8,186.0,SYNTHETIC_PLACEHOLDER (replace with real Agmarknet/CCI series),130.02,SYNTHETIC_PLACEHOLDER (replace with real MOSPI CPI series)
2026-06-01,2026,6,23,,0.0,False,True,SYNTHETIC_PROXY (pytrends unreachable in this environment),64.4,186.7,SYNTHETIC_PLACEHOLDER (replace with real Agmarknet/CCI series),130.16,SYNTHETIC_PLACEHOLDER (replace with real MOSPI CPI series)
2026-06-08,2026,6,24,,0.0,False,True,SYNTHETIC_PROXY (pytrends unreachable in this environment),60.0,188.2,SYNTHETIC_PLACEHOLDER (replace with real Agmarknet/CCI series),130.29,SYNTHETIC_PLACEHOLDER (replace with real MOSPI CPI series)
2026-06-15,2026,6,25,,0.0,False,True,SYNTHETIC_PROXY (pytrends unreachable in this environment),59.4,186.7,SYNTHETIC_PLACEHOLDER (replace with real Agmarknet/CCI series),130.43,SYNTHETIC_PLACEHOLDER (replace with real MOSPI CPI series)
2026-06-22,2026,6,26,,0.0,False,True,SYNTHETIC_PROXY (pytrends unreachable in this environment),52.8,188.7,SYNTHETIC_PLACEHOLDER (replace with real Agmarknet/CCI series),130.56,SYNTHETIC_PLACEHOLDER (replace with real MOSPI CPI series)
