cluster_id,week_start_date,forecast_units,forecast_units_lower,forecast_units_upper,delivered_units,forecast_revenue_inr,cluster_name,state,primary_material,raw_material_ratio,wage_ratio,maintenance_ratio,drag_ratio,delivered_revenue,volatility,recent_active_weavers,pending_receivables_inr,receivable_weeks_outstanding,active_weavers_est,raw_material_cost_inr,wage_cost_inr,loom_maintenance_cost_inr,working_capital_drag_inr,projected_cash_in_inr,projected_net_cashflow_inr,projected_pending_receivables_inr,credit_need_probability,credit_status,backlog_collection_inr
C01,2026-06-29,5.026756207947815,0.0,38.34036391035048,4.803420237863391,224843.62840531196,Patan Patola,Gujarat,silk,0.22094966804638466,0.36999999471702744,0.004729540901811307,0.004773474022859092,5091830.37,3.6899615384615383,4.269230769230769,863642.56,3.95,5,49679.12505849834,83192.14132212271,1063.4071370545855,4140.737457349713,221038.8245942483,82963.41361922293,867447.3638110638,0.02845192031814973,green,218643.68607594937
C01,2026-07-06,3.538692610881232,0.0,36.852300313283905,3.335913949518531,158710.96554235835,Patan Patola,Gujarat,silk,0.22094966804638466,0.36999999471702744,0.004729540901811307,0.004773474022859092,5091830.37,3.6899615384615383,4.269230769230769,863642.56,3.95,5,35067.13515190527,58723.05641220691,750.6300030985487,3481.8381877154447,296744.45362230774,198721.79386738158,729413.8757311144,0.0038035086714779203,green,219606.92754710474
C01,2026-07-13,5.245512980799294,0.0,38.55912068320197,5.075180611279789,234333.4913734326,Patan Patola,Gujarat,silk,0.22094966804638466,0.36999999471702744,0.004729540901811307,0.004773474022859092,5091830.37,3.6899615384615383,4.269230769230769,863642.56,3.95,5,51775.907131110274,86703.39057019266,1108.2898321148966,3171.2729086885406,299394.13222738437,156635.27178527802,664353.2348771626,0.3025514947552919,green,184661.74069142135
C01,2026-07-20,5.440275714379217,0.0,38.75388341678189,5.189709208085855,243576.71450750873,Patan Patola,Gujarat,silk,0.22094966804638466,0.36999999471702744,0.004729540901811307,0.004773474022859092,5091830.37,3.6899615384615383,4.269230769230769,863642.56,3.95,5,53818.19421426306,90123.38308096913,1152.006033992078,2791.746260511793,323084.1437632835,175198.81417354743,584845.8056213879,0.5789767903509183,yellow,168190.6923739652
C02,2026-06-29,67.19230334800842,38.53581964234403,100.50591105041109,62.7467697350066,302018.5968196908,Surendranagar Tangaliya,Gujarat,wool,0.24111490976560204,0.34999999829695283,0.03070044334393338,0.004527079176497354,7926967.61,1.3644999999999998,43.11538461538461,1090094.16,2.98,37,72821.18671971349,105706.50837253986,9272.104820477174,4628.803224935431,369642.6288470709,177214.02570940496,1022470.1279726196,0.010027676929511618,green,365803.40939597314
C02,2026-07-06,64.45357190343627,40.41216597770871,97.76717960583895,60.289285914217956,289583.28050441714,Surendranagar Tangaliya,Gujarat,wool,0.24111490976560204,0.34999999829695283,0.03070044334393338,0.004527079176497354,7926967.61,1.3644999999999998,43.11538461538461,1090094.16,2.98,37,69822.84654844957,101354.14768337201,8890.335096476227,3938.200644518619,442132.540964036,258127.01099121955,869920.8675130007,0.02663036112248322,green,343110.7811988656
C02,2026-07-13,68.25368709943172,40.51013561804649,101.56729480183438,63.630351357778224,307118.00319789106,Surendranagar Tangaliya,Gujarat,wool,0.24111490976560204,0.34999999829695283,0.03070044334393338,0.004527079176497354,7926967.61,1.3644999999999998,43.11538461538461,1090094.16,2.98,37,74050.72962845139,107491.30059622542,9428.658857078804,3202.5316940313173,469622.1083406899,275448.88756490295,707416.7623702018,0.15063818951447566,green,291919.75419899356
C02,2026-07-20,73.23689326927999,40.84193136957615,106.55050097168264,68.54725385218731,328394.45697786816,Surendranagar Tangaliya,Gujarat,wool,0.24111490976560204,0.34999999829695283,0.03070044334393338,0.004527079176497354,7926967.61,1.3644999999999998,43.11538461538461,1090094.16,2.98,37,79180.79986174256,114938.05938298261,10081.85542091081,2584.765627567549,464854.64297835686,258069.1626851533,570956.5763697131,0.4464151746328094,yellow,237388.17529201403
C03,2026-06-29,75.03473372829743,42.93617164548421,108.34834143070009,69.64309825668023,238869.0635306877,Kutch Weaves (Bhujodi),Gujarat,wool/cotton,0.2511688414344873,0.35000000074458887,0.04269506883969663,0.005394678777890828,6715115.3,1.5294615384615384,50.80769230769231,954328.28,3.94,53,59996.46594154378,83604.17241359994,10198.53111111658,5122.149856790307,243715.44336963166,84794.12404658106,949481.9001610561,0.019712560003496964,green,242215.2994923858
C03,2026-07-06,65.11545597630992,36.56507328198076,98.4290636787126,60.41428919590595,206822.6238473638,Kutch Weaves (Bhujodi),Gujarat,wool/cotton,0.2511688414344873,0.35000000074458887,0.04269506883969663,0.005394678777890828,6715115.3,1.5294615384615384,50.80769230769231,954328.28,3.94,53,51947.398814183136,72387.91850057515,8830.306162769879,4505.663404670669,321099.39128831006,183428.10440611123,835205.1327201098,0.01586747990429242,green,240985.25384798378
C03,2026-07-13,75.15724420767538,46.78448469851613,108.47085191007804,70.06790431629052,238472.964137254,Kutch Weaves (Bhujodi),Gujarat,wool/cotton,0.2511688414344873,0.35000000074458887,0.04269506883969663,0.005394678777890828,6715115.3,1.5294615384615384,50.80769230769231,954328.28,3.94,53,59896.97811580213,83465.53762560322,10181.619620246563,3918.143459825711,347380.27243757545,189917.99361609787,726297.8244197883,0.18651690981066832,green,211980.99815231212
C03,2026-07-20,86.81811804029167,56.48520796935475,120.13172574269434,80.58799968794558,276208.9644741358,Kutch Weaves (Bhujodi),Gujarat,wool/cotton,0.2511688414344873,0.35000000074458887,0.04269506883969663,0.005394678777890828,6715115.3,1.5294615384615384,50.80769230769231,954328.28,3.94,53,69375.08560078815,96673.13777160965,11792.760752364547,3484.5951196768606,356574.88763635897,175249.30839191977,645931.9012575651,0.6051261347818763,yellow,184339.54934512393
C04,2026-06-29,4.562549819487208,0.0,37.87615752188988,4.3250579441397905,172651.0573025811,Ahmedabad Ashavali,Gujarat,silk,0.22083425684988003,0.37000000229474794,0.005172648806949047,0.005647622199346133,5577954.560000001,2.0378846153846153,5.115384615384615,793252.64,3.23,3,38127.26793376155,63880.89159814566,893.0632855746876,4061.485571928366,246754.0395229594,139791.33113354916,719149.6577796217,0.0022384970684770334,green,245589.05263157896
C04,2026-07-06,3.4739593362180416,0.0,36.78756703862071,3.2811031505857047,131303.3536748163,Ahmedabad Ashavali,Gujarat,silk,0.22083425684988003,0.37000000229474794,0.005172648806949047,0.005647622199346133,5577954.560000001,2.0378846153846153,5.115384615384615,793252.64,3.23,3,28996.27853067502,48582.241160990125,679.1861357344472,3211.637418934798,281782.28498363524,200312.94173730086,568670.7264708027,0.0013925733510660736,green,222646.95287294788
C04,2026-07-13,4.681097144397194,0.0,37.99470484679986,4.346281664308823,176742.5442843529,Ahmedabad Ashavali,Gujarat,silk,0.22083425684988003,0.37000000229474794,0.005172648806949047,0.005647622199346133,5577954.560000001,2.0378846153846153,5.115384615384615,793252.64,3.23,3,39030.808420792084,65394.74179079016,914.227110829597,2717.7698217478746,264189.5405165198,156131.9933723601,481223.7302386358,0.09486301686135173,green,176059.04844297297
C04,2026-07-20,4.090434114161906,0.0,37.40404181656457,3.912003678231527,153796.61853739378,Ahmedabad Ashavali,Gujarat,silk,0.22083425684988003,0.37000000229474794,0.005172648806949047,0.005647622199346133,5577954.560000001,2.0378846153846153,5.115384615384615,793252.64,3.23,3,33963.561960729836,56904.74921176017,795.5358953902476,2065.218725957951,269341.01452504925,175611.94873121104,365679.3342509803,0.20603641962386934,green,148985.67499648168
C05,2026-06-29,103.12165613406786,71.00103223921317,136.43526383647054,97.81368570587944,124987.57580754255,Surat Mashru,Gujarat,silk-cotton,0.24093654768536457,0.3499999976712109,0.07981809735229567,0.0047636188246082895,3220557.8499999996,0.9174615384615384,45.53846153846154,347592.35,2.93,43,30114.075018632095,43745.651241570195,9976.270493633867,1680.4902321218788,119803.95988838341,34287.47290242538,352775.9659191591,0.04028006236460933,green,118632.2013651877
C05,2026-07-06,96.78479380987213,63.47118610746944,130.0984015122748,91.67996527674529,117243.32838510555,Surat Mashru,Gujarat,silk-cotton,0.24093654768536457,0.3499999976712109,0.07981809735229567,0.0047636188246082895,3220557.8499999996,0.9174615384615384,45.53846153846154,347592.35,2.93,43,28248.20278024884,41035.16466175196,9358.139398949525,1449.4308289540393,165748.34351650398,85657.40584659963,304270.95078776067,0.06800411439313055,green,120401.353556027
C05,2026-07-13,107.30236935546894,74.18992008379442,140.61597705787162,101.58254085309177,129760.8568127056,Surat Mashru,Gujarat,silk-cotton,0.24093654768536457,0.3499999976712109,0.07981809735229567,0.0047636188246082895,3220557.8499999996,0.9174615384615384,45.53846153846154,347592.35,2.93,43,31264.132865148207,45416.299582261294,10357.264701593835,1202.4382236101987,181610.64044104842,93370.50506843487,252421.16715941788,0.29261188446955483,green,103846.74088319475
C05,2026-07-20,132.68197598894747,99.3683682865448,165.99558369135013,125.50287845248113,160481.88479073916,Surat Mashru,Gujarat,silk-cotton,0.24093654768536457,0.3499999976712109,0.07981809735229567,0.0047636188246082895,3220557.8499999996,0.9174615384615384,45.53846153846154,347592.35,2.93,43,38665.95128752111,56168.65930303025,12809.358703507116,1098.194504678579,182365.18880177988,73623.02500304283,230537.86314837716,0.6225824253217032,yellow,86150.56899638835
C06,2026-06-29,25.67544515923266,7.072366933875266,58.98905286163533,24.013053430175344,216478.60047621257,Varanasi Banarasi,Uttar Pradesh,silk,0.22075010481704604,0.36999999996558897,0.03403461899676093,0.004513377730042252,5812079.459999999,2.657807692307692,35.03846153846154,382709.24,1.65,20,47787.67374577136,80097.0821687494,7367.766688159924,1643.0563586098262,235146.43803094357,98250.85906965306,364041.402445269,0.0437259873447017,green,231944.99393939396
C06,2026-07-06,29.047037980367563,8.393978174831389,62.360645682770226,27.323588849691415,244599.8742119499,Varanasi Banarasi,Uttar Pradesh,silk,0.22075010481704604,0.36999999996558897,0.03403461899676093,0.004513377730042252,5812079.459999999,2.657807692307692,35.03846153846154,382709.24,1.65,20,53995.44787052422,90501.95345000453,8324.863525459365,1403.9515278190274,297576.78974889976,143350.5733750926,311064.4869083192,0.11857434861846902,green,220631.15299713274
C06,2026-07-13,21.88385163714901,3.7376022681894376,55.19745933955168,20.458780857477027,184887.55794598747,Varanasi Banarasi,Uttar Pradesh,silk,0.22075010481704604,0.36999999996558897,0.03403461899676093,0.004513377730042252,5812079.459999999,2.657807692307692,35.03846153846154,382709.24,1.65,20,40813.94779594441,68408.3964336532,6292.577591933243,750.1044785946663,329756.23243608826,213491.20613596274,166195.81241821835,0.25931877710178897,green,188523.9314595874
C06,2026-07-20,30.482695183846232,8.157794183091951,63.796302886248895,28.19029207100321,258421.250028704,Varanasi Banarasi,Uttar Pradesh,silk,0.22075010481704604,0.36999999996558897,0.03403461899676093,0.004513377730042252,5812079.459999999,2.657807692307692,35.03846153846154,382709.24,1.65,20,57046.51803078847,95615.86250172794,8795.268785393637,721.2926485159877,264804.90143170964,102625.95946528362,159812.1610152127,0.44010867316976926,yellow,100724.73479892022
C07,2026-06-29,45.887498396730564,17.283616433229646,79.20110609913323,43.732348660135145,275375.96237154864,Mubarakpur Azamgarh,Uttar Pradesh,silk,0.2208725709191415,0.3699999984014835,0.04477842669636109,0.004989963035952734,8257656.36,1.799923076923077,65.5,980187.56,3.2,52,60822.99677833672,101889.10563727998,12330.90234499428,4717.490803866771,310167.5805825609,130407.08501808319,945395.9417889877,0.014971746956900145,green,306308.6125
C07,2026-07-06,40.79309755868839,13.987130862792707,74.10670526109105,38.819297973386014,245223.97798460472,Mubarakpur Azamgarh,Uttar Pradesh,silk,0.2208725709191415,0.3699999984014835,0.04477842669636109,0.004989963035952734,8257656.36,1.799923076923077,65.5,980187.56,3.2,52,54163.2504684786,90732.87146230917,10980.743922373687,3981.4772826347,392722.7702460075,232864.42711021134,797897.1495275849,0.02302503069294202,green,295436.23180905863
C07,2026-07-13,55.64558589406484,25.021398589181022,88.95919359646751,53.17192465618338,333474.8499170677,Mubarakpur Azamgarh,Uttar Pradesh,silk,0.2208725709191415,0.3699999984014835,0.04477842669636109,0.004989963035952734,8257656.36,1.799923076923077,65.5,980187.56,3.2,52,73655.4474380576,123385.69393625,14932.47912209143,3614.332468647969,407051.50997275324,191463.5570077062,724320.4894718993,0.3030575842053216,green,249342.85922737027
C07,2026-07-20,53.090973071433694,22.30788501173817,86.40458077383637,50.68274499950319,318665.95012464817,Mubarakpur Azamgarh,Uttar Pradesh,silk,0.2208725709191415,0.3699999984014835,0.04477842669636109,0.004989963035952734,8257656.36,1.799923076923077,65.5,980187.56,3.2,52,70384.56766842197,117906.40103672704,14269.359888282817,2975.1269652802903,446764.19429242995,241228.73873371785,596222.2453041176,0.48861451881694307,yellow,226350.15295996855
C08,2026-06-29,60.958045672189094,27.990815734710147,94.27165337459178,56.92808749416239,134358.1533140517,Shantipur-Fulia Tant,West Bengal,cotton,0.2610594295173971,0.34000000075538067,0.11395606935831094,0.004262851187598298,4236275.02,1.8849615384615386,85.57692307692308,534105.62,3.0,64,35075.46285517731,45681.77222826913,15310.927037910653,2084.6637772090467,179433.38368331437,81280.55778474822,489030.3896307373,0.005447604094901603,green,178035.20666666667
C08,2026-07-06,72.78801471778065,40.53198166578604,106.10162242018333,67.72721164413277,159916.83849440803,Shantipur-Fulia Tant,West Bengal,cotton,0.2610594295173971,0.34000000075538067,0.11395606935831094,0.004262851187598298,4236275.02,1.8849615384615386,85.57692307692308,534105.62,3.0,64,41747.79862757589,54371.725208896816,18223.49433903057,1868.8315166291914,210547.8014536043,94335.95176147184,438399.426671541,0.05685715737989734,green,163010.12987691243
C08,2026-07-13,66.55524311186312,33.24163540946045,99.8688508142658,61.78617290731841,145805.06519355066,Shantipur-Fulia Tant,West Bengal,cotton,0.2610594295173971,0.34000000075538067,0.11395606935831094,0.004262851187598298,4236275.02,1.8849615384615386,85.57692307692308,534105.62,3.0,64,38063.78714017523,49573.722275945554,16615.37212198931,1473.2477578978971,238602.99346328404,132876.86416727604,345601.4984018077,0.1366327899722998,green,146133.142223847
C08,2026-07-20,80.49926819792607,47.212889331915406,113.81287590032875,75.01392261701011,176550.66726617806,Shantipur-Fulia Tant,West Bengal,cotton,0.2610594295173971,0.34000000075538067,0.11395606935831094,0.004262851187598298,4236275.02,1.8849615384615386,85.57692307692308,534105.62,3.0,64,46090.216477424234,60027.2270038635,20119.020084240663,1249.3967751722566,229062.70038074677,101576.84004004613,293089.46528723894,0.5195035904318485,yellow,115200.49946726923
C09,2026-06-29,35.87870704054934,11.606443922811811,69.19231474295201,34.65883317812492,252071.50217182795,Murshidabad Silk,West Bengal,silk,0.22093557940052466,0.36999999880029505,0.03992450596971396,0.004897770354044647,7585198.43,1.9819999999999998,53.65384615384615,765375.1,2.72,39,55691.56338269342,93266.4555011649,10063.83019325391,3595.616593111565,283313.2449101394,120695.7792399156,734133.3572616884,0.019712708359562736,green,281387.9044117647
C09,2026-07-06,37.52353858540933,9.673304043565796,70.837146287812,36.351396870133904,264166.17786738754,Murshidabad Silk,West Bengal,silk,0.22093557940052466,0.36999999880029505,0.03992450596971396,0.004897770354044647,7585198.43,1.9819999999999998,53.65384615384615,765375.1,2.72,39,58363.70756515332,97741.48549401191,10546.704145263035,3133.2972681411666,358560.0125208658,188774.8180482964,639739.5226082101,0.06783184720550829,green,269901.9695815031
C09,2026-07-13,42.33404099302997,13.855376581208198,75.64764869543264,40.9731274034225,298139.4341803094,Murshidabad Silk,West Bengal,silk,0.22093557940052466,0.36999999880029505,0.03992450596971396,0.004897770354044647,7585198.43,1.9819999999999998,53.65384615384615,765375.1,2.72,39,65869.60863277124,110311.59028903513,11903.069619738906,2641.156895690216,398621.9674302676,207896.54199303212,539256.9893582519,0.27219760554080347,green,235198.35390007723
C09,2026-07-20,50.663683655740066,23.00636539876075,83.97729135814274,48.73042040720921,357207.9475135065,Murshidabad Silk,West Bengal,silk,0.22093557940052466,0.36999999880029505,0.03992450596971396,0.004897770354044647,7585198.43,1.9819999999999998,53.65384615384615,765375.1,2.72,39,78919.94485036876,132166.94015145328,14261.350832932261,2393.1685327349555,407840.8569863788,180099.4526188895,488624.07988537964,0.5526746476394797,yellow,198256.2460875926
C10,2026-06-29,19.95332305800917,0.8683198112727837,53.266930760411846,19.069129910996192,239213.42073121615,Bishnupur Baluchari,West Bengal,silk,0.22088140446032956,0.36999999723976973,0.020514553377184202,0.004263295664152332,6919712.43,1.6499230769230768,25.153846153846153,678414.96,2.61,21,52837.796336870735,88508.96501026585,4907.356488129356,2787.8395281146,263711.8457941761,114669.88843079557,653916.5349370401,0.02427677598530496,green,259929.10344827586
C10,2026-07-06,18.714157369970223,0.0,52.027765072372894,17.839392324849385,224851.96748014362,Bishnupur Baluchari,West Bengal,silk,0.22088140446032956,0.36999999723976973,0.020514553377184202,0.004263295664152332,6919712.43,1.6499230769230768,25.153846153846153,678414.96,2.61,21,49665.61837268247,83195.22734700993,4612.737688836292,2299.145168459071,339480.2734089786,199707.54483199082,539288.2290082051,0.05547521481713154,green,250542.7336923525
C10,2026-07-13,17.829194568422853,0.090496187259486,51.14280227082552,17.002058020877424,213598.52926916027,Bishnupur Baluchari,West Bengal,silk,0.22088140446032956,0.36999999723976973,0.020514553377184202,0.004263295664152332,6919712.43,1.6499230769230768,25.153846153846153,678414.96,2.61,21,47179.94313563293,79031.45524000817,4381.87842998023,1736.56498125047,345557.51863483404,213227.6768479622,407329.2396425313,0.1779954315928167,green,206623.84253187937
C10,2026-07-20,25.158200647665005,3.486691988271849,58.471808350067676,24.03064881382672,300967.5393030185,Bishnupur Baluchari,West Bengal,silk,0.22088140446032956,0.36999999723976973,0.020514553377184202,0.004263295664152332,6919712.43,1.6499230769230768,25.153846153846153,678414.96,2.61,21,66478.13277822016,111357.98871137713,6174.214649831557,1629.9712075591958,325970.20908910956,140329.9017421215,382326.5698564403,0.5528739284355452,yellow,156064.84277491624
C11,2026-06-29,12.103244854090796,0.0,45.41685255649347,11.166304223630355,114687.04119917768,Nadia Jamdani,West Bengal,cotton,0.2610561730394838,0.3400000028078105,0.024330045670394623,0.004705650937374741,4345022.67,2.1790000000000003,18.73076923076923,613192.45,4.44,28,29939.760072678935,38993.59432973989,2790.3409501784226,2769.9007901701816,139246.62679136943,64753.030648602,588632.8644078083,0.002871278347479552,green,138106.40765765763
C11,2026-07-06,14.0099117276217,0.0,47.32351943002437,12.850408390098131,132389.78421567334,Nadia Jamdani,West Bengal,cotton,0.2610561730394838,0.3400000028078105,0.024330045670394623,0.004705650937374741,4345022.67,2.1790000000000003,18.73076923076923,613192.45,4.44,28,34561.17041686674,45012.52700505436,3221.0494962610214,2574.597015666298,173893.8772950556,88524.53336120717,547128.771328426,0.03945819572282801,green,132574.96946121808
C11,2026-07-13,15.832366181109062,0.0377406039703558,49.14597388351173,14.489983587536377,150294.56127929932,Nadia Jamdani,West Bengal,cotton,0.2610561730394838,0.3400000028078105,0.024330045670394623,0.004705650937374741,4345022.67,2.1790000000000003,18.73076923076923,613192.45,4.44,28,39235.322996222065,51100.15125696042,3656.673539937276,2342.6095309912075,199594.32612852013,103259.56880440918,497829.00647920516,0.2679665879833187,green,123227.20074964548
C11,2026-07-20,20.07536577343507,0.0,53.38897347583774,18.713220773918,189433.99878209858,Nadia Jamdani,West Bengal,cotton,0.2610561730394838,0.3400000028078105,0.024330045670394623,0.004705650937374741,4345022.67,2.1790000000000003,18.73076923076923,613192.45,4.44,28,49452.914765620895,64407.560117808294,4608.937841893938,2217.6341462052546,215992.5740885101,95305.52721698173,471270.4311727936,0.7708572796540786,red,112123.65010792908
C12,2026-06-29,56.499423309606335,25.381042823799167,89.813031012009,53.171296264886124,277283.31882718403,Sambalpur Ikat,Odisha,cotton/silk,0.2410188226290701,0.35000000151533045,0.053162397428113226,0.004760168250901244,8249025.65,1.5985769230769231,77.6923076923077,718212.2,3.3,62,66830.49903840896,97049.16200969026,14741.045995676988,3688.755498863259,220574.2756201049,38264.81307746543,774921.2432070791,0.09991406484503747,green,217640.0606060606
C12,2026-07-06,56.65193283753242,27.380859739511777,89.96554053993509,53.231043353338144,277219.8969560033,Sambalpur Ikat,Odisha,cotton/silk,0.2410188226290701,0.35000000151533045,0.053162397428113226,0.004760168250901244,8249025.65,1.5985769230769231,77.6923076923077,718212.2,3.3,62,66815.21317368804,97026.9643546809,14737.674336955643,3433.136402241309,330919.4897326984,148906.50146513252,721221.650430384,0.14841332967902568,green,234824.61915366034
C12,2026-07-13,64.07879463762312,31.101253708213097,97.3924023400258,60.40517308797588,315089.4103133022,Sambalpur Ikat,Odisha,cotton/silk,0.2410188226290701,0.35000000151533045,0.053162397428113226,0.004760168250901244,8249025.65,1.5985769230769231,77.6923076923077,718212.2,3.3,62,75942.47869660007,110281.29408712035,16750.908456465608,3096.823448508514,385740.89488406724,179669.39019537272,650570.1658596189,0.421170721084155,yellow,218552.01528193455
C12,2026-07-20,78.7385034204089,45.42489571800625,112.0521111228116,74.00027053769058,386937.98439116904,Sambalpur Ikat,Odisha,cotton/silk,0.2410188226290701,0.35000000151533045,0.053162397428113226,0.004760168250901244,8249025.65,1.5985769230769231,77.6923076923077,718212.2,3.3,62,93259.33742842506,135428.29512324807,20570.5509062364,2937.800647934723,420344.9549417758,168148.9708359316,617163.1953090122,0.7212748002790541,red,197142.47450291485
C13,2026-06-29,26.75403630359,5.663474205844409,60.06764400599267,24.72854872305246,213689.95071447836,Berhampur Patta,Odisha,silk,0.2209680334781485,0.36999999366379693,0.03388897604213413,0.00462181049727241,5381771.930000001,1.645576923076923,32.30769230769231,777706.22,4.34,21,47218.64818342076,79065.28041037406,7241.73362020778,3744.9423741756923,181120.1162579417,43849.5116697634,810276.0544565367,0.07841971874950056,green,179194.98156682026
C13,2026-07-06,26.644175766652136,5.957062279053503,59.95778346905481,24.245615713436774,212154.10584647884,Berhampur Patta,Odisha,silk,0.2209680334781485,0.36999999366379693,0.03388897604213413,0.00462181049727241,5381771.930000001,1.645576923076923,32.30769230769231,777706.22,4.34,21,46879.2755632114,78497.01781894568,7189.68541027171,3510.8547282712602,262802.57921910635,126725.74569840629,759627.5810839091,0.12391353575974227,green,186699.55171809602
C13,2026-07-13,27.67210665786729,7.135462100364414,60.98571436026996,25.244891080562166,220869.33922161307,Berhampur Patta,Odisha,silk,0.2209680334781485,0.36999999366379693,0.03388897604213413,0.00462181049727241,5381771.930000001,1.645576923076923,32.30769230769231,777706.22,4.34,21,48805.063543417935,81721.65411252386,7485.035745323242,3102.735723905901,309172.1817129296,168057.6925877587,671324.7385925925,0.3714077805633782,green,175029.3965631127
C13,2026-07-20,29.086963400977695,5.03051314790104,62.40057110338036,26.505788717866167,231774.04591899258,Berhampur Patta,Odisha,silk,0.2209680334781485,0.36999999366379693,0.03388897604213413,0.00462181049727241,5381771.930000001,1.645576923076923,32.30769230769231,777706.22,4.34,21,51214.65513799388,85756.39552145984,7854.585089337235,2693.7771859365853,320258.53445669124,172739.12152196374,582840.2500548939,0.7058285850283208,red,154683.11949138078
C14,2026-06-29,39.74927497752401,15.61964351011947,73.06288267992667,37.20462692826957,167373.16031972118,Nuapatna Sonepuri,Odisha,cotton,0.26099592388816895,0.33999999837058414,0.0660579161207202,0.004623020613239741,4296018.05,3.0563076923076924,50.30769230769231,461735.9,3.44,47,43683.712611728246,56906.874235984724,11056.322185259998,2279.4001605736617,136054.7671924636,22128.457998916965,493054.2931272576,0.09597320635663138,green,134225.5523255814
C14,2026-07-06,35.66920382085215,10.587958581007264,68.98281152325481,33.24993933167391,149576.46732428775,Nuapatna Sonepuri,Odisha,cotton,0.26099592388816895,0.33999999837058414,0.0660579161207202,0.004623020613239741,4296018.05,3.0563076923076924,50.30769230769231,461735.9,3.44,47,39038.848281230996,50855.99864653557,9880.709732141446,2024.9458060635748,204617.18113407743,102816.67866810583,438013.5793174679,0.09321623102958906,green,143329.7363742028
C14,2026-07-13,41.98623109666574,18.73455425685729,75.29983879906841,38.921122138805735,175701.22930314316,Nuapatna Sonepuri,Odisha,cotton,0.26099592388816895,0.33999999837058414,0.0660579161207202,0.004623020613239741,4296018.05,3.0563076923076924,50.30769230769231,461735.9,3.44,47,45857.30467026087,59738.41767677831,11606.457067614458,1794.5114849232398,225546.1987329572,106549.50783338032,388168.6098876539,0.41362675765304585,yellow,127329.52887135696
C14,2026-07-20,43.34330865880498,16.49080006080222,76.65691636120764,40.46534864506747,181745.42877807218,Nuapatna Sonepuri,Odisha,cotton,0.26099592388816895,0.33999999837058414,0.0660579161207202,0.004623020613239741,4296018.05,3.0563076923076924,50.30769230769231,461735.9,3.44,47,47434.816096384355,61793.445488405654,12005.72428954622,1530.6105383923011,238829.52348774316,116064.92707501462,331084.5151779829,0.6642088638407913,yellow,112839.71217664357
C15,2026-06-29,52.88114557259207,25.751572575889817,86.19475327499472,49.418759688923544,257888.02336204547,Pochampally Ikat,Telangana,cotton/silk,0.24114766632473028,0.3499999989749317,0.05509457161299921,0.004971468381398536,6828813.42,2.828576923076923,66.65384615384616,868494.92,3.41,68,62189.09500685479,90260.80791236309,14208.230171255027,4323.438726985419,256732.69210787147,85751.12029041314,869650.2512541742,0.029459716774527852,green,254690.59237536657
C15,2026-07-06,43.32624121178963,16.042191710708163,76.6398489141923,40.635737164517316,211178.62381905672,Pochampally Ikat,Telangana,cotton/silk,0.24114766632473028,0.3499999989749317,0.05509457161299921,0.004971468381398536,6828813.42,2.828576923076923,66.65384615384616,868494.92,3.41,68,50925.23231163363,73912.51812019735,11634.795813133642,3680.880946170597,340427.71714911686,200274.28995798161,740401.157924114,0.01962767602561935,green,255029.39919477247
C15,2026-07-13,60.59094923843518,31.169109511489708,93.90455694083785,56.41893302385238,295291.58502960886,Pochampally Ikat,Telangana,cotton/silk,0.24114766632473028,0.3499999989749317,0.05509457161299921,0.004971468381398536,6828813.42,2.828576923076923,66.65384615384616,868494.92,3.41,68,71208.87661522084,103352.05445766906,16268.96337812983,3395.7553431389556,352643.97695036995,158418.32715621125,683048.7660033528,0.33285108569659083,green,217126.43927393373
C15,2026-07-20,56.81366023707787,26.95951349761811,90.12726793948055,52.72649614534174,276538.97347133,Pochampally Ikat,Telangana,cotton/silk,0.24114766632473028,0.3499999989749317,0.05509457161299921,0.004971468381398536,6828813.42,2.828576923076923,66.65384615384616,868494.92,3.41,68,66686.72810044773,96788.64043149418,15235.79627770148,2849.4142693887607,386434.2864525829,204873.70737355077,573153.4530220999,0.4819597639652726,yellow,200307.55601271344
C16,2026-06-29,39.529137094271626,15.234054342138537,72.8427447966743,37.009013482294975,260092.7078856405,Gadwal,Telangana,silk-cotton,0.24095455705933866,0.34999999752523536,0.04089159380724339,0.0046258911310699345,6869340.220000001,2.308076923076923,49.76923076923077,992340.24,3.83,54,62670.52322294847,91032.44711630594,10635.60536308562,4586.931025631733,260855.13170586145,91929.6249778897,991577.816179779,0.02384855087432788,green,259096.6684073107
C16,2026-07-06,36.047584079409596,13.488225530033668,69.36119178181227,33.74539871279902,237723.93164951573,Gadwal,Telangana,silk-cotton,0.24095455705933866,0.34999999752523536,0.04089159380724339,0.0046258911310699345,6869340.220000001,2.308076923076923,49.76923076923077,992340.24,3.83,54,57280.66465301356,83203.37548901973,9720.910451272888,4107.363910260816,341394.1438924911,187081.82938892412,887907.6039368036,0.02790061867584347,green,258897.60213571254
C16,2026-07-13,47.150137159841236,20.470879249457145,80.4637448622439,43.88111212461568,310695.48329021095,Gadwal,Telangana,silk-cotton,0.24095455705933866,0.34999999752523536,0.04089159380724339,0.0046258911310699345,6869340.220000001,2.308076923076923,49.76923076923077,992340.24,3.83,54,74863.49255652993,108743.41838267563,12704.833500448482,3797.307568873505,377721.77781426674,177612.7258057392,820881.3094127479,0.3506732425209292,green,231829.66160229858
C16,2026-07-20,43.54292042786152,17.45824967265768,76.8565281302642,40.33483158278316,287533.62144936906,Gadwal,Telangana,silk-cotton,0.24095455705933866,0.34999999752523536,0.04089159380724339,0.0046258911310699345,6869340.220000001,2.308076923076923,49.76923076923077,992340.24,3.83,54,69282.53639600029,100636.76679570113,11757.708054233284,3190.849433440497,418634.44467448,233766.58399510483,689780.4861876369,0.5030641687481354,yellow,214329.32360646158
C17,2026-06-29,56.85798440785685,27.1628800463915,90.17159211025952,53.91675214528702,229096.20190674675,Venkatagiri,Andhra Pradesh,cotton/silk,0.24105265222357308,0.35000000329276065,0.06607550945561698,0.0047410805383465765,5618385.889999999,1.9698076923076921,65.76923076923077,657577.44,3.24,60,55224.247083968505,80183.67142172033,15137.648255335182,3230.698770325598,205246.96201906743,51470.69648771781,681426.6798876792,0.055900369873647576,green,202955.99999999997
C17,2026-07-06,45.46515236775569,15.928275268215348,78.77876007015836,42.87226222333831,183503.03058657734,Venkatagiri,Andhra Pradesh,cotton/silk,0.24105265222357308,0.35000000329276065,0.06607550945561698,0.0047410805383465765,5618385.889999999,1.9698076923076921,65.76923076923077,657577.44,3.24,60,44233.89221395792,64226.06130953363,12125.056232657762,2744.282685673881,286099.06976319756,162769.7773213744,578830.640711059,0.0329066727741995,green,210316.87650854295
C17,2026-07-13,58.34117876214628,27.2509298453624,91.65478646454895,54.88000222105235,236053.59407207672,Venkatagiri,Andhra Pradesh,cotton/silk,0.24105265222357308,0.35000000329276065,0.06607550945561698,0.0047410805383465765,5618385.889999999,1.9698076923076921,65.76923076923077,657577.44,3.24,60,56901.3449179808,82618.75870249484,15597.361487141878,2420.296153147198,304389.6052210609,146851.8439602962,510494.6295620748,0.3287044452489873,green,178651.43231822806
C17,2026-07-20,57.81499491393421,27.14684509797712,91.12860261633688,54.14348477503515,234933.01473108816,Venkatagiri,Andhra Pradesh,cotton/silk,0.24105265222357308,0.35000000329276065,0.06607550945561698,0.0047410805383465765,5618385.889999999,1.9698076923076921,65.76923076923077,657577.44,3.24,60,56631.22629580856,82226.55592945905,15523.318636300619,2007.6239913435281,321974.8100488253,165586.0851959135,423452.8342443377,0.5596513560776182,yellow,157560.0708524922
C18,2026-06-29,58.93111913243498,28.395436750360883,92.24472683483765,56.08603703219249,149190.35490310943,Mangalagiri,Andhra Pradesh,cotton,0.2610561985735178,0.34000000737859215,0.10865451423064286,0.005408547645862778,3794761.8000000003,2.539461538461538,73.07692307692308,297754.6,2.84,65,38947.06691483973,50724.72176787199,16210.205539894563,1843.4537081953335,106104.15458114723,-1621.2933496543833,340840.80032196216,0.13721506394510577,red,104843.1690140845
C18,2026-07-06,47.441285514916565,18.52663732434763,80.75489321731924,45.010329012413074,119215.62624224977,Mangalagiri,Andhra Pradesh,cotton,0.2610561985735178,0.34000000737859215,0.10865451423064286,0.005408547645862778,3794761.8000000003,2.539461538461538,73.07692307692308,297754.6,2.84,65,31121.978197363034,40533.31380200841,12953.315958053528,1560.8798304357147,171461.4223897186,85291.93460185791,288595.00417449337,0.08940126498041648,green,120014.36631055006
C18,2026-07-13,61.08961525155543,29.110979324929513,94.40322295395809,57.99862276244098,153628.0540527623,Mangalagiri,Andhra Pradesh,cotton,0.2610561985735178,0.34000000737859215,0.10865451423064286,0.005408547645862778,3794761.8000000003,2.539461538461538,73.07692307692308,297754.6,2.84,65,40105.555785261044,52233.53951149794,16692.38158530183,1405.739495007088,182312.34151527548,71875.12513820757,259910.71671198023,0.41296884806893536,yellow,101617.95921637092
C18,2026-07-20,67.63238711569421,34.89526381641864,100.94599481809688,64.21811232954227,170410.6339002834,Mangalagiri,Andhra Pradesh,cotton,0.2610561985735178,0.34000000737859215,0.10865451423064286,0.005408547645862778,3794761.8000000003,2.539461538461538,73.07692307692308,297754.6,2.84,65,44486.75228251143,57939.61678348692,18515.884646171213,1256.7082106886958,197965.40351249024,75766.44158963201,232355.94709977342,0.6288071485122585,yellow,91517.85799717614
C19,2026-06-29,8.75126564033595,0.0,42.064873342738615,8.125374596866088,131194.36674106514,Kanchipuram Kanjeevaram,Tamil Nadu,silk,0.22087449337448664,0.3699999999246734,0.016772923211871214,0.004629408078828879,3982658.19,4.585692307692307,11.846153846153847,139574.51,1.29,9,28977.489287519362,48541.91568431168,2200.513039177956,746.3873243442658,109541.49915090844,29075.193815555172,161227.37759015674,0.0669964753556962,green,108197.29457364342
C19,2026-07-06,8.161879719945546,0.0,41.475487422348216,7.610625842633419,122025.30558685826,Kanchipuram Kanjeevaram,Tamil Nadu,silk,0.22087449337448664,0.3699999999246734,0.016772923211871214,0.004629408078828879,3982658.19,4.585692307692307,11.846153846153847,139574.51,1.29,9,26952.277550364233,45149.363057945804,2046.721080513493,529.6444468838038,168844.00762603825,94166.00149033092,114408.67555097674,0.12740440080131799,green,124982.46324818351
C19,2026-07-13,10.748050748113332,0.0,44.061658450516,9.24853706340186,161034.44112429596,Kanchipuram Kanjeevaram,Tamil Nadu,silk,0.22087449337448664,0.3699999999246734,0.016772923211871214,0.004629408078828879,3982658.19,4.585692307692307,11.846153846153847,139574.51,1.29,9,35568.40059917247,59582.74320385933,2701.018315444412,523.4736906335413,162367.38826250192,63991.752453392175,113075.72841277078,0.22132380984542468,green,88688.89577595096
C19,2026-07-20,10.449584583675932,0.0,43.7631922860786,9.04261456338906,156586.29325066155,Kanchipuram Kanjeevaram,Tamil Nadu,silk,0.22087449337448664,0.3699999999246734,0.016772923211871214,0.004629408078828879,3982658.19,4.585692307692307,11.846153846153847,139574.51,1.29,9,34585.918191128665,57936.928490949664,2626.409872724894,348.3655041550497,194411.4716529055,98913.8495939472,75250.55001052687,0.3333287795943542,green,87655.60342075254
C20,2026-06-29,26.343778262644598,6.485272753845926,59.65738596504726,24.768277695075625,187025.28509652516,Arani Silk,Tamil Nadu,silk,0.22092967423215784,0.3700000007198035,0.042215600807019006,0.004854899749677025,3889950.56,1.9063461538461537,29.076923076923077,514661.3,2.96,36,41319.43530955175,69199.35562033576,7895.384776453827,2556.695034794336,175064.9931749984,54094.12243386274,526621.5919215267,0.04448613868594298,green,173872.0608108108
C20,2026-07-06,20.59908997267696,2.266443204485002,53.91269767507962,19.248592829267107,145587.90945442396,Arani Silk,Tamil Nadu,silk,0.22092967423215784,0.3700000007198035,0.042215600807019006,0.004854899749677025,3889950.56,1.9063461538461537,29.076923076923077,514661.3,2.96,36,32164.68940790678,53867.52660293155,6146.08106785639,2064.4902030910175,246971.0187011314,152728.23141934563,425238.48267481924,0.03170038607410412,green,177912.69997348875
C20,2026-07-13,22.5102669039085,2.998758789810553,55.823874606311165,20.887863429353793,159131.06897152629,Arani Silk,Tamil Nadu,silk,0.22092967423215784,0.3700000007198035,0.042215600807019006,0.004854899749677025,3889950.56,1.9063461538461537,29.076923076923077,514661.3,2.96,36,35156.775228094346,58878.49563400783,6717.813683696162,1644.236292001607,245693.90914497548,143296.58830717555,338675.64250137005,0.21483388912369875,green,143661.6495523038
C20,2026-07-20,29.33300470055689,8.384368787345224,62.64661240295956,27.445508521031005,207520.14298256888,Arani Silk,Tamil Nadu,silk,0.22092967423215784,0.3700000007198035,0.042215600807019006,0.004854899749677025,3889950.56,1.9063461538461537,29.076923076923077,514661.3,2.96,36,45847.357585749756,76782.4530529242,8760.587515567635,1505.4234964102611,236112.45235014753,103216.63069949567,310083.33313379134,0.6058470467794042,yellow,114417.4467910034
C21,2026-06-29,299.94104577856956,266.62743807616687,333.2546534809722,281.8324729739647,271864.7797252553,Salem,Tamil Nadu,cotton,0.26106454501093684,0.340000003826456,0.10247293533331614,0.004642545541554546,7160672.89,0.9191153846153846,130.07692307692307,792197.19,3.36,110,70974.25502347235,92434.02614686544,27858.781992192326,3829.2397441515955,239247.28349831453,44150.98059163285,824814.6862269408,0.062098402731595954,green,235772.9732142857
C21,2026-07-06,289.45288043295284,256.13927273055015,322.76648813535553,271.98631802017036,261728.76162864265,Salem,Tamil Nadu,cotton,0.26106454501093684,0.340000003826456,0.10247293533331614,0.004642545541554546,7160672.89,0.9191153846153846,130.07692307692307,792197.19,3.36,110,68328.10007085754,88987.7799552321,26820.11446524081,3469.0176627845813,339320.26356281526,151715.25140870022,747223.1842927681,0.09126744773081098,green,245480.56137706572
C21,2026-07-13,352.2339720968466,318.920364394444,385.5475797992493,330.8299946901124,319675.8043923033,Salem,Tamil Nadu,cotton,0.26106454501093684,0.340000003826456,0.10247293533331614,0.004642545541554546,7160672.89,0.9191153846153846,130.07692307692307,792197.19,3.36,110,83456.0184246819,108689.77471660852,32758.118031118313,3163.3180280843485,385523.2219273545,157455.99272686144,681375.7667577169,0.4113091414496516,yellow,222387.85246808577
C21,2026-07-20,378.3455253730011,345.03191767059855,411.6591330754039,355.9638312689803,342259.7490432953,Salem,Tamil Nadu,cotton,0.26106454501093684,0.340000003826456,0.10247293533331614,0.004642545541554546,7160672.89,0.9191153846153846,130.07692307692307,792197.19,3.36,110,89351.88565954531,116368.31598436227,35072.361130910605,2786.493890083005,423427.31856489973,179848.26189999853,600208.1972361124,0.6560741505127081,yellow,202790.40677313003
C22,2026-06-29,51.64674006781814,24.59525307191459,84.9603477702208,48.93951639440643,198095.0229805822,Ilkal,Karnataka,cotton/silk,0.24090243138409217,0.35000000018927857,0.07015456452594278,0.005119367819322961,5283218.74,1.9670384615384615,65.6923076923077,709036.68,3.83,56,47721.572681109865,69333.25808069891,13897.270071959372,3688.9635574731374,186542.03494594485,51900.97055470357,720589.6680346373,0.03784650018764817,green,185127.07049608356
C22,2026-07-06,42.381587270051526,14.497666804921389,75.6951949724542,40.17210248362303,162221.54291802205,Ilkal,Karnataka,cotton/silk,0.24090243138409217,0.35000000018927857,0.07015456452594278,0.005119367819322961,5283218.74,1.9670384615384615,65.6923076923077,709036.68,3.83,56,39079.56411183037,56777.54005201278,11380.581700140374,3194.2706302421507,258853.18664633113,148421.23015210545,623958.0243063283,0.020610184425026584,green,188143.51645812986
C22,2026-07-13,54.51832257880975,23.959154840233523,87.83193028121242,51.2866420557191,208529.3723221318,Ilkal,Karnataka,cotton/silk,0.24090243138409217,0.35000000018927857,0.07015456452594278,0.005119367819322961,5283218.74,1.9670384615384615,65.6923076923077,709036.68,3.83,56,50235.23280740016,72985.28035221627,14629.28730612734,2878.963120962723,270120.47505347,129391.71146676349,562366.92157499,0.3161202761219706,green,162913.32227319275
C22,2026-07-20,62.77717852897378,29.99117508731102,96.09078623137646,58.90299001677463,240658.94353004836,Ilkal,Karnataka,cotton/silk,0.24090243138409217,0.35000000018927857,0.07015456452594278,0.005119367819322961,5283218.74,1.9670384615384615,65.6923076923077,709036.68,3.83,56,57975.324630715586,84230.6302810685,16883.323382623996,2623.601172302481,290540.4831405416,128827.60367383102,512485.3819644968,0.6792971413995643,yellow,146832.0944060026
C23,2026-06-29,33.84175957345052,11.55170623879706,67.15536727585318,31.400956916760947,306681.7600169117,Molakalmuru,Karnataka,silk,0.22094620153866087,0.37000000265038296,0.029386897474426594,0.004908577750614064,9470329.77,2.1613076923076924,49.30769230769231,1579777.23,3.83,44,67760.1699569278,113472.25201908145,9012.425438893686,7220.965991320952,415367.6967359593,217901.8833297354,1471091.2932809524,0.0016888451066225875,green,412474.4725848564
C23,2026-07-06,42.655990669005085,17.63181724139254,75.96959837140776,39.44017302553535,386922.4784214971,Molakalmuru,Karnataka,silk,0.22094620153866087,0.37000000265038296,0.029386897474426594,0.004908577750614064,9470329.77,2.1613076923076924,49.30769230769231,1579777.23,3.83,44,85489.05189715426,143161.31804144668,11370.45120392357,6704.713060457049,492096.1065257518,245370.57232277028,1365917.6651766978,0.04760893210839769,green,384096.94341539225
C23,2026-07-13,41.239170128094436,15.831728009631334,74.55277783049709,38.121788783389164,373680.7946665885,Molakalmuru,Karnataka,silk,0.22094620153866087,0.37000000265038296,0.029386897474426594,0.004908577750614064,9470329.77,2.1613076923076924,49.30769230769231,1579777.23,3.83,44,82563.352169531,138261.89501703496,10981.319201029291,5716.793472789366,574944.7122125812,337421.3523521966,1164653.7476307051,0.12864969474139457,green,356636.4661035764
C23,2026-07-20,39.34517034373343,15.050616808247891,72.65877804613609,36.176772079864065,356666.57011246606,Molakalmuru,Karnataka,silk,0.22094620153866087,0.37000000265038296,0.029386897474426594,0.004908577750614064,9470329.77,2.1613076923076924,49.30769230769231,1579777.23,3.83,44,78804.12388217184,131966.63188691545,10481.323928450425,4603.5742083996765,583457.1642413714,357601.5103354341,937863.1535017998,0.3500354192700915,green,304087.1403735522
C24,2026-06-29,133.05672912815496,99.74312142575229,166.37033683055762,124.32963649409479,199946.47695046535,Guledgudda Khana,Karnataka,cotton,0.26103093793603305,0.3400000001109453,0.07715892066915248,0.005045227872290554,5408068.910000001,2.2841923076923076,73.96153846153847,755154.85,3.58,58,52192.21641538538,67981.80218534134,15427.65435309748,3744.4791777923333,212918.95727836486,73572.80514674835,742182.3696721005,0.01760221736238232,green,210937.10893854746
C24,2026-07-06,142.40753596518357,109.09392826278089,175.72114366758623,133.33973980312715,214001.7895054659,Guledgudda Khana,Karnataka,cotton,0.26103093793603305,0.3400000001109453,0.07715892066915248,0.005045227872290554,5408068.910000001,2.2841923076923076,73.96153846153847,755154.85,3.58,58,55861.087834601276,72760.60845560089,16512.147099508908,3425.707871055705,277184.52669903985,128624.97543827306,678999.6324785266,0.06843492414214834,green,207313.51108159233
C24,2026-07-13,147.31803089123068,114.00442318882801,180.63163859363334,138.30512521800668,221167.25673799147,Guledgudda Khana,Karnataka,cotton,0.26103093793603305,0.3400000001109453,0.07715892066915248,0.005045227872290554,5408068.910000001,2.2841923076923076,73.96153846153847,755154.85,3.58,58,57731.49646705734,75196.86731545457,17065.02681726076,2953.328153393426,314796.27204108355,161849.55328791743,585370.6171754345,0.2281913779600058,green,189664.7018096443
C24,2026-07-20,186.3233405192062,153.00973281680353,219.6369482216089,174.3745168033013,280253.9350123222,Guledgudda Khana,Karnataka,cotton,0.26103093793603305,0.3400000001109453,0.07715892066915248,0.005045227872290554,5408068.910000001,2.2841923076923076,73.96153846153847,755154.85,3.58,58,73154.94751653052,95286.3379352824,21624.091138833584,2734.227681173629,323681.20485342137,130881.60058160126,541943.3473343353,0.6703060129910521,yellow,163511.3455797303
C25,2026-06-29,22.813046421633256,4.444786401820574,56.12665412403592,21.601240423489504,273079.1297428432,Sualkuchi Muga Silk,Assam,silk,0.22086078174016846,0.36999999982797305,0.022464365747576504,0.004572410674986258,6975650.76,2.246076923076923,27.76923076923077,970438.98,3.52,30,60312.47007192924,101039.27795787502,6134.549448573127,4404.558986275746,280227.7801206064,108336.92365595327,963290.3296222367,0.024619254928632674,green,275692.89204545453
C25,2026-07-06,17.807918167254897,1.561003174757419,51.12152586965756,16.96342615536521,213056.39618512243,Sualkuchi Muga Silk,Assam,silk,0.22086078174016846,0.36999999982797305,0.022464365747576504,0.004572410674986258,6975650.76,2.246076923076923,27.76923076923077,970438.98,3.52,30,47055.802216189186,78830.86655184385,4786.1768087631535,3700.166157864618,367109.2314355878,232736.21970092703,809237.4943717711,0.011440085073694607,green,273662.0254608627
C25,2026-07-13,27.04295204491612,4.354972567612119,60.35655974731879,25.791492021832447,324422.8409316649,Sualkuchi Muga Silk,Assam,silk,0.22086078174016846,0.36999999982797305,0.022464365747576504,0.004572410674986258,6975650.76,2.246076923076923,27.76923076923077,970438.98,3.52,30,71652.28226253383,120036.45108890654,7287.953355556754,3458.8419917702686,377201.1636257599,174765.63492699247,756459.1716776761,0.37614228557100576,green,229897.01544652588
C25,2026-07-20,22.628100061663467,3.225649773986632,55.94170776406614,21.42526856444251,270236.12962024973,Sualkuchi Muga Silk,Assam,silk,0.22086078174016846,0.36999999982797305,0.022464365747576504,0.004572410674986258,6975650.76,2.246076923076923,27.76923076923077,970438.98,3.52,30,59684.56284236585,99987.3679130045,6070.683253998783,2764.790938840868,422027.1873933984,253519.78244518844,604668.1139045275,0.42884334887380343,yellow,214903.1737720671
C26,2026-06-29,227.6331024197564,194.31949471735373,260.94671012215906,214.01903171205416,248864.9840788437,Barpeta,Assam,cotton,0.2610383408500878,0.3400000021425573,0.0830311888711162,0.00485453152569644,6534247.4,1.275576923076923,96.15384615384616,624964.26,3.02,99,64963.30253962488,84614.09512001435,20663.555496457797,3226.245208313413,209244.99094628828,35777.79258187784,664584.2531325554,0.07433143695964245,green,206941.80794701987
C26,2026-07-06,237.2354979146825,203.92189021227983,270.54910561708516,223.2436803787873,258890.87966638562,Barpeta,Assam,cotton,0.2610383408500878,0.3400000021425573,0.0830311888711162,0.00485453152569644,6534247.4,1.275576923076923,96.15384615384616,624964.26,3.02,99,67580.44568933304,88022.89964125966,21496.01752658908,2996.1897330736892,306280.7202765401,126185.16768628465,617194.412522401,0.14022475764247708,green,220061.01097104483
C26,2026-07-13,246.7285541648728,213.41494646247014,280.04216186727547,231.70914956116945,269154.6178393945,Barpeta,Assam,cotton,0.2610383408500878,0.3400000021425573,0.0830311888711162,0.00485453152569644,6534247.4,1.275576923076923,96.15384615384616,624964.26,3.02,99,70259.67487293498,91512.57064207332,22348.227909355865,2557.804518231233,359458.9474172243,172780.6694746289,526890.0829445712,0.3337203559631055,green,204369.01076900694
C26,2026-07-20,279.97123398928227,246.65762628687958,313.2848416916849,262.88022382574417,305617.06197821844,Barpeta,Assam,cotton,0.2610383408500878,0.3400000021425573,0.0830311888711162,0.00485453152569644,6534247.4,1.275576923076923,96.15384615384616,624964.26,3.02,99,79777.7707942726,103909.80172739635,25375.74799534908,2227.3640765889777,373685.513051847,162394.82845824,458821.63187094266,0.6310947049978538,yellow,174466.91488230834
C27,2026-06-29,23.59546390336251,4.733726362934732,56.90907160576518,22.513840776113398,130514.75875473804,Chanderi,Madhya Pradesh,cotton-silk,0.24107096561634883,0.3500000081811029,0.048525166890982456,0.004854812851975266,3483637.89,3.162961538461538,29.96153846153846,506421.43,3.72,20,31463.318920189515,45680.16663191298,6333.250450309977,2422.79502562519,137886.05036692502,51986.51933888735,499050.13838781306,0.018270468042093875,green,136134.79301075268
C27,2026-07-06,27.223972422276784,4.963653086166085,60.53758012467945,25.95614932595002,151067.73882591366,Chanderi,Madhya Pradesh,cotton-silk,0.24107096561634883,0.3500000081811029,0.048525166890982456,0.004854812851975266,3483637.89,3.162961538461538,29.96153846153846,506421.43,3.72,20,36418.0456722414,52873.709824970494,7330.587238370811,2268.2008749699203,182911.22185376516,84020.67824321256,467206.65535996156,0.11381549977082003,green,134153.26300747663
C27,2026-07-13,30.886662496646657,8.581098022370384,64.20027019904933,29.730755352928725,171291.32322541816,Chanderi,Madhya Pradesh,cotton-silk,0.24107096561634883,0.3500000081811029,0.048525166890982456,0.004854812851975266,3483637.89,3.162961538461538,29.96153846153846,506421.43,3.72,20,41293.364691653675,59951.9645302483,8311.940046490636,2045.8139639058659,217098.83792159683,105495.75468929837,421399.14066378283,0.4084341384076517,yellow,125593.18692472084
C27,2026-07-20,23.959087393724396,3.346698637283538,57.272695096127066,23.190192443906668,133288.4415695151,Chanderi,Madhya Pradesh,cotton-silk,0.24107096561634883,0.3500000081811029,0.048525166890982456,0.004854812851975266,3483637.89,3.162961538461538,29.96153846153846,506421.43,3.72,20,32131.973314661293,46650.95563977674,6467.843871799683,1567.5893150368133,231793.71117521747,144975.34903394294,322893.8710580804,0.42496174200240283,yellow,113279.33888811366
C28,2026-06-29,33.31578946993928,8.552328721829014,66.62939717234195,31.91263436296011,166678.46419545825,Maheshwar,Madhya Pradesh,cotton-silk,0.24102931632314392,0.3500000033187508,0.0548127345799104,0.004936339487992808,4067795.5900000003,1.9365384615384615,39.53846153846154,467495.85,2.96,26,40174.39627082292,58337.46302157467,9136.102418132752,2342.9941776739306,159532.28777627688,49541.3318880726,474642.0264191813,0.04101928680082524,green,157937.78716216216
C28,2026-07-06,31.54635292450887,8.314012214899996,64.85996062691154,30.17964060900328,157394.8113180325,Maheshwar,Madhya Pradesh,cotton-silk,0.24102931632314392,0.3500000033187508,0.0548127345799104,0.004936339487992808,4067795.5900000003,1.9365384615384615,39.53846153846154,467495.85,2.96,26,37936.76376479561,55088.18448366554,8627.240017030394,2046.5283092477414,217452.6475238516,113753.93094911231,414584.1902133622,0.06716350533581711,green,160352.03595242611
C28,2026-07-13,35.64963957191511,11.305559639635293,68.96324727431778,33.85566600404324,178475.95820672196,Maheshwar,Madhya Pradesh,cotton-silk,0.24102931632314392,0.3500000033187508,0.0548127345799104,0.004936339487992808,4067795.5900000003,1.9365384615384615,39.53846153846154,467495.85,2.96,26,43017.9381866842,62466.58596466992,9782.755326080232,1766.0265430025338,235299.7984080497,118266.49238761285,357760.3500120344,0.27960412521946887,green,140062.2264234332
C28,2026-07-20,34.84233474360396,8.333707623588886,68.15594244600663,33.20647909241608,174650.86932072535,Maheshwar,Madhya Pradesh,cotton-silk,0.24102931632314392,0.3500000033187508,0.0548127345799104,0.004936339487992808,4067795.5900000003,1.9365384615384615,39.53846153846154,467495.85,2.96,26,42095.979627617184,61127.80484187659,9573.091744227535,1417.470404302061,245261.11392572126,131046.76730769791,287150.10540703847,0.5019917030015374,yellow,120864.9831121738
C29,2026-06-29,19.24395495511294,2.2806642911150377,52.55756265751561,18.018434687397512,385852.9245513299,Paithan Paithani,Maharashtra,silk,0.22103728547588716,0.37000000029623537,0.013302909845189882,0.005096581521428277,9789510.830000002,1.9659615384615385,23.076923076923077,799614.06,2.46,17,85287.88303575826,142765.58219829536,5132.966668809196,4367.530754229203,328513.9983455415,90960.03568844944,856952.9862057886,0.06725874018501524,green,325046.3658536586
C29,2026-07-06,14.100307779787837,0.0,47.413915482190504,13.374486999747374,282761.5943334739,Paithan Paithani,Maharashtra,silk,0.22103728547588716,0.37000000029623537,0.013302909845189882,0.005096581521428277,9789510.830000002,1.9659615384615385,23.076923076923077,799614.06,2.46,17,62500.855248305066,104621.78998714933,3761.5519971003573,3388.867393698076,474785.082315839,300512.01768958615,664929.4982234234,0.04475495794113648,green,348354.8724413775
C29,2026-07-13,17.493624422453827,0.8500604558262754,50.807232124856505,16.215612933119253,350463.46316220437,Paithan Paithani,Maharashtra,silk,0.22103728547588716,0.37000000029623537,0.013302909845189882,0.005096581521428277,9789510.830000002,1.9659615384615385,23.076923076923077,799614.06,2.46,17,77465.49255585224,129671.48147383529,4662.18385447983,2791.701874295657,467633.27922257176,253042.41946410874,547759.682163056,0.2819109129007371,green,270296.5439932615
C29,2026-07-20,18.713589922603095,0.951975337759766,52.027197625005755,17.568374068768243,374289.41431575257,Paithan Paithani,Maharashtra,silk,0.22103728547588716,0.37000000029623537,0.013302909845189882,0.005096581521428277,9789510.830000002,1.9659615384615385,23.076923076923077,799614.06,2.46,17,82731.9161227136,138487.0834077062,4979.138334651379,2309.686505199361,468865.6252661104,240357.80089583987,453183.47121269815,0.5028550825519903,yellow,222666.5374646569
C30,2026-06-29,90.16245050549543,59.39673399476667,123.47605820789809,85.34495049636524,161792.6026740872,Solapur,Maharashtra,cotton,0.2610640794405225,0.3400000035274807,0.05604095607580221,0.004574148172896748,3912140.43,1.8156923076923077,38.84615384615385,435427.43,2.86,34,42238.23687739679,55009.485479909934,9067.012139848239,2022.2917937098546,155106.72167717575,46769.69538631094,442113.3109969115,0.044063276999591616,green,152247.35314685316
C30,2026-07-06,101.32486633556364,68.01125863316098,134.63847403796632,95.44680918458891,182264.4488533886,Solapur,Maharashtra,cotton,0.2610640794405225,0.3400000035274807,0.05604095607580221,0.004574148172896748,3912140.43,1.8156923076923077,38.84615384615385,435427.43,2.86,34,47582.70055464409,61969.91325308645,10214.273972373048,1891.839200621802,210783.9869525313,89125.25997180592,413593.7728977689,0.13370636480606435,green,154585.0737751439
C30,2026-07-13,103.68369511783087,70.37008741542819,136.99730282023353,97.63003237011756,185922.8904577816,Solapur,Maharashtra,cotton,0.2610640794405225,0.3400000035274807,0.05604095607580221,0.004574148172896748,3912140.43,1.8156923076923077,38.84615384615385,435427.43,2.86,34,48537.788244281866,63213.78341148516,10419.296537630726,1587.1420994269183,252535.75249848003,128777.74220565535,346980.91085707047,0.30714237563403607,green,144613.2073069122
C30,2026-07-20,109.7054259459248,76.39181824352214,143.01903364832748,103.49062653106705,196272.7283649545,Solapur,Maharashtra,cotton,0.2610640794405225,0.3400000035274807,0.05604095607580221,0.004574148172896748,3912140.43,1.8156923076923077,38.84615384615385,435427.43,2.86,34,51239.759149876576,66732.72833643279,10999.311349178273,1300.4453698034679,258950.35024922527,128678.10604393417,284303.28897279967,0.5754987017743437,yellow,121321.9968031715
C31,2026-06-29,51.82197169320854,22.219596437218733,85.1355793956112,48.29108513914554,216347.94839398834,Kota Doria,Rajasthan,cotton-silk,0.24092016402437233,0.3500000006394918,0.06403861452913313,0.005545729115141714,5473096.389999999,1.8807307692307693,62.11538461538461,462266.47,2.3,58,52122.58321341611,75721.78207624867,13854.622871371406,2630.863717290936,204219.85950581796,59890.00762749085,474394.5588881703,0.050652836616667016,green,200985.42173913043
C31,2026-07-06,42.960388289101616,14.850177583253577,76.27399599150428,39.90597301084922,179096.8341357729,Kota Doria,Rajasthan,cotton-silk,0.24092016402437233,0.3500000006394918,0.06403861452913313,0.005545729115141714,5473096.389999999,1.8807307692307693,62.11538461538461,462266.47,2.3,58,43148.03865623621,62683.89206205148,11469.113124608853,2071.427012649073,279973.8681608233,160601.3973052777,373517.5248631199,0.06239713530949724,green,206258.5038644219
C31,2026-07-13,55.543511385648756,25.85812667575703,88.85711908805143,51.5643037561117,232760.98123144906,Kota Doria,Rajasthan,cotton-silk,0.24092016402437233,0.3500000006394918,0.06403861452913313,0.005545729115141714,5473096.389999999,1.8807307692307693,62.11538461538461,462266.47,2.3,58,56076.813776754556,81466.34357985591,14905.690754503557,1811.2788809349352,279670.61679295625,125410.4898009073,326607.8893016126,0.29738634412560055,green,162398.9238535304
C31,2026-07-20,59.951034442848304,28.16604386886862,93.26464214525097,55.81668043277687,251112.74924922638,Kota Doria,Rajasthan,cotton-silk,0.24092016402437233,0.3500000006394918,0.06403861452913313,0.005545729115141714,5473096.389999999,1.8807307692307693,62.11538461538461,462266.47,2.3,58,60498.1247377347,87889.46239781378,16080.912552522073,1555.8470260427491,297171.95076968486,131147.60405557154,280548.6877811542,0.47627045098809406,yellow,142003.43013113594
C32,2026-06-29,100.11358028879903,66.79997258639636,133.42718799120172,95.31232984945456,318305.2897996074,Balaramapuram,Kerala,cotton,0.26100334205993253,0.3399999977992077,0.07938553671748409,0.0041301510059341155,10269028.89,1.8035384615384613,144.46153846153845,1602725.99,3.29,130,83078.74443305288,108223.79783134269,25268.83627075615,5913.1808420263,489320.71194618894,266836.1525690109,1431710.5678534184,0.0010600369325065636,green,487150.75683890574
C32,2026-07-06,102.61490201745643,69.30129431505375,135.92850971985908,97.82910805349724,326776.01502263773,Balaramapuram,Kerala,cotton,0.26100334205993253,0.3399999977992077,0.07938553671748409,0.0041301510059341155,10269028.89,1.8035384615384613,144.46153846153845,1602725.99,3.29,130,85289.63202593516,111103.84438853069,25941.28933897274,4973.454177030121,554304.4186199877,326996.19868951896,1204182.1642560684,0.009107729058236997,green,435170.3853657807
C32,2026-07-13,112.14121241938294,78.82760471698026,145.45482012178562,106.8043300130598,356625.2635025838,Balaramapuram,Kerala,cotton,0.26100334205993253,0.3399999977992077,0.07938553671748409,0.0041301510059341155,10269028.89,1.8035384615384613,144.46153846153845,1602725.99,3.29,130,93080.38563717845,121252.58880602036,28310.887950166805,4114.71222576974,564545.4945126749,317786.9198935395,996261.9332459774,0.09077038435117905,green,366012.81588330347
C32,2026-07-20,122.55952923655346,89.2459215341508,155.87313693895612,117.19773395283478,391203.3103762533,Balaramapuram,Kerala,cotton,0.26100334205993253,0.3399999977992077,0.07938553671748409,0.0041301510059341155,10269028.89,1.8035384615384613,144.46153846153845,1602725.99,3.29,130,102105.3714331112,133009.12466696888,31055.884759875385,3412.495670597333,561225.3154224313,291642.4388918785,826239.9281997995,0.3833203292674085,green,302815.17727841256
C33,2026-06-29,9.179135587449505,1.2654999677289087,42.49274328985217,8.216329789619715,229118.02862054438,Srinagar Pashmina,Jammu & Kashmir,wool,0.24096490292509573,0.3499999966332438,0.004951181189697425,0.004801978052353002,6088947.03,2.2811923076923075,5.346153846153846,704251.44,3.76,7,55209.40352493878,80191.309245806,1134.4048735265956,3568.112354095189,190318.93502912362,50215.70503075704,743050.5335914206,0.08827518730005786,green,187300.914893617
C33,2026-07-06,6.420174022435334,0.0,39.733781724838,5.691690141178651,159745.3098414657,Srinagar Pashmina,Jammu & Kashmir,wool,0.24096490292509573,0.3499999966332438,0.004951181189697425,0.004801978052353002,6088947.03,2.2811923076923075,5.346153846153846,704251.44,3.76,7,38493.01307868812,55910.85790668949,790.9279732294519,3001.746643058216,277689.56216045545,179493.01655879017,625106.2812724309,0.014604240274359378,green,197619.8227636757
C33,2026-07-13,9.939825926098402,0.6366388499457525,43.25343362850107,8.835308375126282,247190.60755814862,Srinagar Pashmina,Jammu & Kashmir,wool,0.24096490292509573,0.3499999966332438,0.004951181189697425,0.004801978052353002,6088947.03,2.2811923076923075,5.346153846153846,704251.44,3.76,7,59564.260754244715,86516.71181312151,1223.8854864117836,2840.8058649069435,280706.1247880557,130560.46086937077,591590.7640425239,0.47160682119605307,yellow,166251.67055117845
C33,2026-07-20,10.682670688915275,1.0146348027500949,43.996278391317944,9.710201007395163,267210.72513994126,Srinagar Pashmina,Jammu & Kashmir,wool,0.24096490292509573,0.3499999966332438,0.004951181189697425,0.004801978052353002,6088947.03,2.2811923076923075,5.346153846153846,704251.44,3.76,7,64388.40644389038,93523.75289934609,1323.008715998286,2601.496563171538,317046.2927177944,155209.62809538812,541755.1964646708,0.7020013631851367,red,157337.96916024573
C34,2026-06-29,35.70778464030854,11.503736298581838,69.02139234271121,33.668237026530015,214853.81534182644,Bhagalpur Tussar,Bihar,silk,0.22097265560317453,0.3700000020427267,0.043641350224063284,0.00437733959690407,5140188.350000001,1.6900384615384616,39.73076923076923,706375.16,2.83,33,47476.81814255747,79495.9121153634,9376.510602308868,2927.00301216156,252557.29763335688,113281.05376096559,668671.6777084696,0.014825081919741075,green,249602.5300353357
C34,2026-07-06,30.52929538196724,7.802021433960107,63.84290308436991,28.77877208213662,183960.5140438,Bhagalpur Tussar,Bihar,silk,0.22097265560317453,0.3700000020427267,0.043641350224063284,0.00437733959690407,5140188.350000001,1.6900384615384616,39.73076923076923,706375.16,2.83,33,40650.24331438357,68065.39057198705,8028.285220784189,2391.890837016801,306206.4954895221,187070.6855453505,546425.6962627475,0.020723133771378018,green,236279.74477331078
C34,2026-07-13,34.30519944377745,11.079906679254396,67.6188071461801,32.587730001517,207614.87165317836,Bhagalpur Tussar,Bihar,silk,0.22097265560317453,0.3700000020427267,0.043641350224063284,0.00437733959690407,5140188.350000001,1.6900384615384616,39.73076923076923,706375.16,2.83,33,45877.20953191506,76817.50293577643,9060.593325540305,1944.6570531626346,309785.09947157244,176085.13662517798,444255.46844435344,0.16392354864189815,green,193083.28489849734
C34,2026-07-20,31.637637771749628,6.970721903062923,64.9512454741523,29.619120490110785,191319.94070214676,Bhagalpur Tussar,Bihar,silk,0.22097265560317453,0.3700000020427267,0.043641350224063284,0.00437733959690407,5140188.350000001,1.6900384615384616,39.73076923076923,706375.16,2.83,33,42276.47536679525,70788.37845060865,8349.460537029407,1431.523968999478,308544.81503588054,185698.97671244777,327030.5941106196,0.3802871667556246,green,156980.7308990648
