week_start_date,year,month,week_of_year,festival_name,festival_proximity,is_festival_week,is_wedding_season,google_trends_source,google_trends_index,cotton_price_inr_per_kg,cotton_price_source,cpi_inflation_index,cpi_source,cotton_price_trailing_12wk_avg,cotton_price_rel_12wk_avg
2021-07-05,2021,7,27,,0.0,False,False,SYNTHETIC_PROXY (pytrends unreachable in this environment),57.6,62.7,REAL_FILE (cotton_prices_weekly.csv),87.8,REAL_FILE (cpi_weekly.csv),62.7,0.0
2021-07-12,2021,7,28,,0.0,False,False,SYNTHETIC_PROXY (pytrends unreachable in this environment),50.1,64.7,REAL_FILE (cotton_prices_weekly.csv),87.8,REAL_FILE (cpi_weekly.csv),63.7,0.01569858712715866
2021-07-19,2021,7,29,Onam,0.0571428571428571,True,False,SYNTHETIC_PROXY (pytrends unreachable in this environment),57.1,66.9,REAL_FILE (cotton_prices_weekly.csv),87.8,REAL_FILE (cpi_weekly.csv),64.76666666666667,0.03293875450334549
2021-07-26,2021,7,30,Onam,0.2571428571428571,True,False,SYNTHETIC_PROXY (pytrends unreachable in this environment),62.5,69.3,REAL_FILE (cotton_prices_weekly.csv),87.8,REAL_FILE (cpi_weekly.csv),65.9,0.05159332321699539
2021-08-02,2021,8,31,Onam,0.4571428571428571,True,False,SYNTHETIC_PROXY (pytrends unreachable in this environment),55.6,72.9,REAL_FILE (cotton_prices_weekly.csv),87.8,REAL_FILE (cpi_weekly.csv),67.3,0.0832095096582468
2021-08-09,2021,8,32,Onam,0.6571428571428571,True,False,SYNTHETIC_PROXY (pytrends unreachable in this environment),62.8,70.7,REAL_FILE (cotton_prices_weekly.csv),87.8,REAL_FILE (cpi_weekly.csv),67.86666666666667,0.0417485265225932
2021-08-16,2021,8,33,Onam,0.8571428571428572,True,False,SYNTHETIC_PROXY (pytrends unreachable in this environment),73.1,72.8,REAL_FILE (cotton_prices_weekly.csv),87.8,REAL_FILE (cpi_weekly.csv),68.57142857142857,0.06166666666666676
2021-08-23,2021,8,34,Raksha_Bandhan,1.0,True,False,SYNTHETIC_PROXY (pytrends unreachable in this environment),73.9,67.6,REAL_FILE (cotton_prices_weekly.csv),87.8,REAL_FILE (cpi_weekly.csv),68.45,-0.012417823228634162
2021-08-30,2021,8,35,,0.0,False,False,SYNTHETIC_PROXY (pytrends unreachable in this environment),37.8,71.4,REAL_FILE (cotton_prices_weekly.csv),87.8,REAL_FILE (cpi_weekly.csv),68.77777777777777,0.038126009693053575
2021-09-06,2021,9,36,Navratri_start,0.1142857142857142,True,False,SYNTHETIC_PROXY (pytrends unreachable in this environment),36.3,62.3,REAL_FILE (cotton_prices_weekly.csv),87.8,REAL_FILE (cpi_weekly.csv),68.13,-0.08557170115954793
2021-09-13,2021,9,37,Navratri_start,0.3142857142857143,True,False,SYNTHETIC_PROXY (pytrends unreachable in this environment),48.2,57.8,REAL_FILE (cotton_prices_weekly.csv),87.8,REAL_FILE (cpi_weekly.csv),67.19090909090909,-0.1397645785414694
2021-09-20,2021,9,38,Navratri_start,0.5142857142857143,True,False,SYNTHETIC_PROXY (pytrends unreachable in this environment),52.8,53.6,REAL_FILE (cotton_prices_weekly.csv),87.8,REAL_FILE (cpi_weekly.csv),66.05833333333334,-0.1885959379336445
2021-09-27,2021,9,39,Navratri_start,0.7142857142857143,True,False,SYNTHETIC_PROXY (pytrends unreachable in this environment),55.3,55.9,REAL_FILE (cotton_prices_weekly.csv),87.8,REAL_FILE (cpi_weekly.csv),65.49166666666666,-0.14645629214912836
2021-10-04,2021,10,40,Navratri_start,0.9142857142857144,True,False,SYNTHETIC_PROXY (pytrends unreachable in this environment),65.0,60.3,REAL_FILE (cotton_prices_weekly.csv),87.8,REAL_FILE (cpi_weekly.csv),65.125,-0.07408829174664111
2021-10-11,2021,10,41,Navratri_start,1.0,True,False,SYNTHETIC_PROXY (pytrends unreachable in this environment),64.2,64.4,REAL_FILE (cotton_prices_weekly.csv),87.8,REAL_FILE (cpi_weekly.csv),64.91666666666667,-0.007958921694480092
2021-10-18,2021,10,42,Diwali,0.5142857142857143,True,False,SYNTHETIC_PROXY (pytrends unreachable in this environment),40.9,70.5,REAL_FILE (cotton_prices_weekly.csv),87.8,REAL_FILE (cpi_weekly.csv),65.01666666666667,0.0843373493975903
2021-10-25,2021,10,43,Diwali,0.7142857142857143,True,False,SYNTHETIC_PROXY (pytrends unreachable in this environment),52.1,75.4,REAL_FILE (cotton_prices_weekly.csv),87.8,REAL_FILE (cpi_weekly.csv),65.22500000000001,0.15599846684553453
2021-11-01,2021,11,44,Diwali,0.9142857142857144,True,True,SYNTHETIC_PROXY (pytrends unreachable in this environment),53.3,80.7,REAL_FILE (cotton_prices_weekly.csv),87.8,REAL_FILE (cpi_weekly.csv),66.05833333333332,0.22164753374542734
2021-11-08,2021,11,45,Diwali,1.0,True,True,SYNTHETIC_PROXY (pytrends unreachable in this environment),63.5,78.4,REAL_FILE (cotton_prices_weekly.csv),87.76,REAL_FILE (cpi_weekly.csv),66.525,0.17850432168357755
2021-11-15,2021,11,46,,0.0,False,True,SYNTHETIC_PROXY (pytrends unreachable in this environment),24.9,76.9,REAL_FILE (cotton_prices_weekly.csv),87.72,REAL_FILE (cpi_weekly.csv),67.3,0.14264487369985157
2021-11-22,2021,11,47,,0.0,False,True,SYNTHETIC_PROXY (pytrends unreachable in this environment),24.8,78.9,REAL_FILE (cotton_prices_weekly.csv),87.68,REAL_FILE (cpi_weekly.csv),67.925,0.16157526683842494
2021-11-29,2021,11,48,,0.0,False,True,SYNTHETIC_PROXY (pytrends unreachable in this environment),23.6,79.1,REAL_FILE (cotton_prices_weekly.csv),87.65,REAL_FILE (cpi_weekly.csv),69.325,0.14100252434186777
2021-12-06,2021,12,49,,0.0,False,True,SYNTHETIC_PROXY (pytrends unreachable in this environment),32.2,79.0,REAL_FILE (cotton_prices_weekly.csv),87.61,REAL_FILE (cpi_weekly.csv),71.09166666666667,0.11124135505802357
2021-12-13,2021,12,50,Pongal,0.0857142857142857,True,True,SYNTHETIC_PROXY (pytrends unreachable in this environment),30.9,79.8,REAL_FILE (cotton_prices_weekly.csv),87.57,REAL_FILE (cpi_weekly.csv),73.27499999999999,0.08904810644831129
2021-12-20,2021,12,51,Pongal,0.2857142857142857,True,True,SYNTHETIC_PROXY (pytrends unreachable in this environment),38.3,80.9,REAL_FILE (cotton_prices_weekly.csv),87.53,REAL_FILE (cpi_weekly.csv),75.35833333333333,0.07353754285082381
2021-12-27,2021,12,52,Pongal,0.4857142857142856,True,True,SYNTHETIC_PROXY (pytrends unreachable in this environment),47.3,84.3,REAL_FILE (cotton_prices_weekly.csv),87.49,REAL_FILE (cpi_weekly.csv),77.35833333333333,0.08973392222341903
2022-01-03,2022,1,1,Pongal,0.6857142857142857,True,True,SYNTHETIC_PROXY (pytrends unreachable in this environment),59.8,89.0,REAL_FILE (cotton_prices_weekly.csv),87.45,REAL_FILE (cpi_weekly.csv),79.40833333333335,0.12078916990240307
2022-01-10,2022,1,2,Pongal,0.8857142857142857,True,True,SYNTHETIC_PROXY (pytrends unreachable in this environment),68.2,88.3,REAL_FILE (cotton_prices_weekly.csv),87.42,REAL_FILE (cpi_weekly.csv),80.89166666666667,0.0915833934274235
2022-01-17,2022,1,3,Pongal,1.0,True,True,SYNTHETIC_PROXY (pytrends unreachable in this environment),74.6,89.0,REAL_FILE (cotton_prices_weekly.csv),87.38,REAL_FILE (cpi_weekly.csv),82.02499999999999,0.08503505028954605
2022-01-24,2022,1,4,,0.0,False,True,SYNTHETIC_PROXY (pytrends unreachable in this environment),41.9,88.8,REAL_FILE (cotton_prices_weekly.csv),87.34,REAL_FILE (cpi_weekly.csv),82.7,0.07376058041112454
2022-01-31,2022,1,5,,0.0,False,True,SYNTHETIC_PROXY (pytrends unreachable in this environment),51.2,90.4,REAL_FILE (cotton_prices_weekly.csv),87.3,REAL_FILE (cpi_weekly.csv),83.7,0.0800477897252092
2022-02-07,2022,2,6,,0.0,False,True,SYNTHETIC_PROXY (pytrends unreachable in this environment),43.4,90.4,REAL_FILE (cotton_prices_weekly.csv),87.35,REAL_FILE (cpi_weekly.csv),84.825,0.06572354848216921
2022-02-14,2022,2,7,,0.0,False,True,SYNTHETIC_PROXY (pytrends unreachable in this environment),45.4,91.9,REAL_FILE (cotton_prices_weekly.csv),87.4,REAL_FILE (cpi_weekly.csv),85.90833333333335,0.0697448831118439
2022-02-21,2022,2,8,,0.0,False,True,SYNTHETIC_PROXY (pytrends unreachable in this environment),46.5,90.5,REAL_FILE (cotton_prices_weekly.csv),87.45,REAL_FILE (cpi_weekly.csv),86.85833333333333,0.041926508682720964
2022-02-28,2022,2,9,,0.0,False,True,SYNTHETIC_PROXY (pytrends unreachable in this environment),54.6,88.9,REAL_FILE (cotton_prices_weekly.csv),87.5,REAL_FILE (cpi_weekly.csv),87.68333333333334,0.013875689032503358
2022-03-07,2022,3,10,,0.0,False,False,SYNTHETIC_PROXY (pytrends unreachable in this environment),58.8,89.7,REAL_FILE (cotton_prices_weekly.csv),87.7,REAL_FILE (cpi_weekly.csv),88.50833333333334,0.01346389228886169
2022-03-14,2022,3,11,,0.0,False,False,SYNTHETIC_PROXY (pytrends unreachable in this environment),55.9,89.8,REAL_FILE (cotton_prices_weekly.csv),87.89,REAL_FILE (cpi_weekly.csv),89.25,0.006162464985994376
2022-03-21,2022,3,12,,0.0,False,False,SYNTHETIC_PROXY (pytrends unreachable in this environment),54.9,93.9,REAL_FILE (cotton_prices_weekly.csv),88.09,REAL_FILE (cpi_weekly.csv),90.05,0.04275402554136609
2022-03-28,2022,3,13,,0.0,False,False,SYNTHETIC_PROXY (pytrends unreachable in this environment),56.7,97.6,REAL_FILE (cotton_prices_weekly.csv),88.28,REAL_FILE (cpi_weekly.csv),90.76666666666667,0.07528461255967667
2022-04-04,2022,4,14,Eid_ul_Fitr,0.1999999999999999,True,True,SYNTHETIC_PROXY (pytrends unreachable in this environment),71.1,101.5,REAL_FILE (cotton_prices_weekly.csv),88.48,REAL_FILE (cpi_weekly.csv),91.86666666666667,0.1048621190130623
2022-04-11,2022,4,15,Eid_ul_Fitr,0.4,True,True,SYNTHETIC_PROXY (pytrends unreachable in this environment),79.7,100.8,REAL_FILE (cotton_prices_weekly.csv),88.67,REAL_FILE (cpi_weekly.csv),92.85000000000001,0.0856219709208399
2022-04-18,2022,4,16,Eid_ul_Fitr,0.6,True,True,SYNTHETIC_PROXY (pytrends unreachable in this environment),86.9,101.7,REAL_FILE (cotton_prices_weekly.csv),88.87,REAL_FILE (cpi_weekly.csv),93.92500000000001,0.08277881288261901
2022-04-25,2022,4,17,Eid_ul_Fitr,0.8,True,True,SYNTHETIC_PROXY (pytrends unreachable in this environment),89.8,100.6,REAL_FILE (cotton_prices_weekly.csv),89.06,REAL_FILE (cpi_weekly.csv),94.77499999999999,0.06146135584278567
2022-05-02,2022,5,18,Eid_ul_Fitr,1.0,True,True,SYNTHETIC_PROXY (pytrends unreachable in this environment),100.0,104.4,REAL_FILE (cotton_prices_weekly.csv),89.26,REAL_FILE (cpi_weekly.csv),95.94166666666666,0.08816120906801017
2022-05-09,2022,5,19,Eid_ul_Fitr,1.0,True,True,SYNTHETIC_PROXY (pytrends unreachable in this environment),100.0,103.4,REAL_FILE (cotton_prices_weekly.csv),89.45,REAL_FILE (cpi_weekly.csv),96.89999999999999,0.06707946336429327
2022-05-16,2022,5,20,,0.0,False,True,SYNTHETIC_PROXY (pytrends unreachable in this environment),65.7,106.0,REAL_FILE (cotton_prices_weekly.csv),89.65,REAL_FILE (cpi_weekly.csv),98.19166666666666,0.07952134430959856
2022-05-23,2022,5,21,,0.0,False,True,SYNTHETIC_PROXY (pytrends unreachable in this environment),67.9,103.8,REAL_FILE (cotton_prices_weekly.csv),89.85,REAL_FILE (cpi_weekly.csv),99.43333333333334,0.04391552128729459
2022-05-30,2022,5,22,,0.0,False,True,SYNTHETIC_PROXY (pytrends unreachable in this environment),64.6,100.5,REAL_FILE (cotton_prices_weekly.csv),90.04,REAL_FILE (cpi_weekly.csv),100.33333333333333,0.0016611295681063787
2022-06-06,2022,6,23,,0.0,False,True,SYNTHETIC_PROXY (pytrends unreachable in this environment),65.4,98.7,REAL_FILE (cotton_prices_weekly.csv),90.24,REAL_FILE (cpi_weekly.csv),101.07499999999999,-0.023497402918624677
2022-06-13,2022,6,24,,0.0,False,True,SYNTHETIC_PROXY (pytrends unreachable in this environment),61.7,101.1,REAL_FILE (cotton_prices_weekly.csv),90.43,REAL_FILE (cpi_weekly.csv),101.67500000000001,-0.0056552741578560495
2022-06-20,2022,6,25,,0.0,False,True,SYNTHETIC_PROXY (pytrends unreachable in this environment),61.1,99.8,REAL_FILE (cotton_prices_weekly.csv),90.63,REAL_FILE (cpi_weekly.csv),101.85833333333333,-0.020207804957866338
2022-06-27,2022,6,26,,0.0,False,True,SYNTHETIC_PROXY (pytrends unreachable in this environment),60.8,93.9,REAL_FILE (cotton_prices_weekly.csv),90.82,REAL_FILE (cpi_weekly.csv),101.22500000000001,-0.0723635465547049
2022-07-04,2022,7,27,,0.0,False,False,SYNTHETIC_PROXY (pytrends unreachable in this environment),50.5,88.2,REAL_FILE (cotton_prices_weekly.csv),91.02,REAL_FILE (cpi_weekly.csv),100.175,-0.119540803593711
2022-07-11,2022,7,28,Raksha_Bandhan,0.1142857142857142,True,False,SYNTHETIC_PROXY (pytrends unreachable in this environment),57.0,84.8,REAL_FILE (cotton_prices_weekly.csv),91.21,REAL_FILE (cpi_weekly.csv),98.76666666666667,-0.14141073236584545
2022-07-18,2022,7,29,Raksha_Bandhan,0.3142857142857143,True,False,SYNTHETIC_PROXY (pytrends unreachable in this environment),61.2,86.8,REAL_FILE (cotton_prices_weekly.csv),91.41,REAL_FILE (cpi_weekly.csv),97.61666666666667,-0.11080758067269947
2022-07-25,2022,7,30,Raksha_Bandhan,0.5142857142857143,True,False,SYNTHETIC_PROXY (pytrends unreachable in this environment),65.2,83.5,REAL_FILE (cotton_prices_weekly.csv),91.6,REAL_FILE (cpi_weekly.csv),95.875,-0.1290743155149935
2022-08-01,2022,8,31,Raksha_Bandhan,0.7142857142857143,True,False,SYNTHETIC_PROXY (pytrends unreachable in this environment),71.3,85.3,REAL_FILE (cotton_prices_weekly.csv),91.8,REAL_FILE (cpi_weekly.csv),94.36666666666667,-0.09607912398445784
2022-08-08,2022,8,32,Raksha_Bandhan,0.9142857142857144,True,False,SYNTHETIC_PROXY (pytrends unreachable in this environment),83.0,83.5,REAL_FILE (cotton_prices_weekly.csv),91.9,REAL_FILE (cpi_weekly.csv),92.49166666666667,-0.0972159654022886
2022-08-15,2022,8,33,Raksha_Bandhan,1.0,True,False,SYNTHETIC_PROXY (pytrends unreachable in this environment),74.1,87.7,REAL_FILE (cotton_prices_weekly.csv),92.0,REAL_FILE (cpi_weekly.csv),91.14999999999999,-0.03784969829950624
2022-08-22,2022,8,34,Onam,0.5142857142857143,True,False,SYNTHETIC_PROXY (pytrends unreachable in this environment),62.1,88.0,REAL_FILE (cotton_prices_weekly.csv),92.1,REAL_FILE (cpi_weekly.csv),90.10833333333333,-0.023397761953204532
2022-08-29,2022,8,35,Onam,0.7142857142857143,True,False,SYNTHETIC_PROXY (pytrends unreachable in this environment),56.2,88.3,REAL_FILE (cotton_prices_weekly.csv),92.2,REAL_FILE (cpi_weekly.csv),89.24166666666667,-0.010551872256980177
2022-09-05,2022,9,36,Onam,0.9142857142857144,True,False,SYNTHETIC_PROXY (pytrends unreachable in this environment),66.4,88.4,REAL_FILE (cotton_prices_weekly.csv),92.3,REAL_FILE (cpi_weekly.csv),88.18333333333334,0.002457002457002533
2022-09-12,2022,9,37,Onam,1.0,True,False,SYNTHETIC_PROXY (pytrends unreachable in this environment),69.3,85.0,REAL_FILE (cotton_prices_weekly.csv),92.4,REAL_FILE (cpi_weekly.csv),86.95,-0.022426682001150167
2022-09-19,2022,9,38,Navratri_start,0.8,True,False,SYNTHETIC_PROXY (pytrends unreachable in this environment),62.1,79.4,REAL_FILE (cotton_prices_weekly.csv),92.5,REAL_FILE (cpi_weekly.csv),85.74166666666667,-0.07396248420643403
2022-09-26,2022,9,39,Navratri_start,1.0,True,False,SYNTHETIC_PROXY (pytrends unreachable in this environment),67.9,79.4,REAL_FILE (cotton_prices_weekly.csv),92.6,REAL_FILE (cpi_weekly.csv),85.00833333333334,-0.06597392412508574
2022-10-03,2022,10,40,Navratri_start,1.0,True,False,SYNTHETIC_PROXY (pytrends unreachable in this environment),66.7,79.8,REAL_FILE (cotton_prices_weekly.csv),92.7,REAL_FILE (cpi_weekly.csv),84.59166666666667,-0.05664466555019221
2022-10-10,2022,10,41,Diwali,0.6,True,False,SYNTHETIC_PROXY (pytrends unreachable in this environment),46.9,81.5,REAL_FILE (cotton_prices_weekly.csv),92.8,REAL_FILE (cpi_weekly.csv),84.14999999999999,-0.03149138443256083
2022-10-17,2022,10,42,Diwali,0.8,True,False,SYNTHETIC_PROXY (pytrends unreachable in this environment),52.5,79.3,REAL_FILE (cotton_prices_weekly.csv),92.9,REAL_FILE (cpi_weekly.csv),83.8,-0.05369928400954649
2022-10-24,2022,10,43,Diwali,1.0,True,False,SYNTHETIC_PROXY (pytrends unreachable in this environment),64.0,74.7,REAL_FILE (cotton_prices_weekly.csv),93.0,REAL_FILE (cpi_weekly.csv),82.91666666666667,-0.0990954773869347
2022-10-31,2022,10,44,Diwali,1.0,True,False,SYNTHETIC_PROXY (pytrends unreachable in this environment),59.4,79.4,REAL_FILE (cotton_prices_weekly.csv),93.1,REAL_FILE (cpi_weekly.csv),82.575,-0.038449894035725074
2022-11-07,2022,11,45,,0.0,False,True,SYNTHETIC_PROXY (pytrends unreachable in this environment),19.9,83.7,REAL_FILE (cotton_prices_weekly.csv),93.15,REAL_FILE (cpi_weekly.csv),82.24166666666666,0.01773229303880841
2022-11-14,2022,11,46,,0.0,False,True,SYNTHETIC_PROXY (pytrends unreachable in this environment),20.6,87.0,REAL_FILE (cotton_prices_weekly.csv),93.19,REAL_FILE (cpi_weekly.csv),82.15833333333333,0.05893092605740957
2022-11-21,2022,11,47,,0.0,False,True,SYNTHETIC_PROXY (pytrends unreachable in this environment),21.9,84.4,REAL_FILE (cotton_prices_weekly.csv),93.24,REAL_FILE (cpi_weekly.csv),81.83333333333333,0.03136456211812644
2022-11-28,2022,11,48,,0.0,False,True,SYNTHETIC_PROXY (pytrends unreachable in this environment),28.3,84.4,REAL_FILE (cotton_prices_weekly.csv),93.28,REAL_FILE (cpi_weekly.csv),81.5,0.03558282208588959
2022-12-05,2022,12,49,,0.0,False,True,SYNTHETIC_PROXY (pytrends unreachable in this environment),27.9,82.4,REAL_FILE (cotton_prices_weekly.csv),93.33,REAL_FILE (cpi_weekly.csv),81.28333333333335,0.013737953660036828
2022-12-12,2022,12,50,Pongal,0.0571428571428571,True,True,SYNTHETIC_PROXY (pytrends unreachable in this environment),33.3,81.4,REAL_FILE (cotton_prices_weekly.csv),93.38,REAL_FILE (cpi_weekly.csv),81.45,-0.0006138735420503361
2022-12-19,2022,12,51,Pongal,0.2571428571428571,True,True,SYNTHETIC_PROXY (pytrends unreachable in this environment),37.3,79.6,REAL_FILE (cotton_prices_weekly.csv),93.42,REAL_FILE (cpi_weekly.csv),81.46666666666667,-0.022913256955810257
2022-12-26,2022,12,52,Pongal,0.4571428571428571,True,True,SYNTHETIC_PROXY (pytrends unreachable in this environment),48.4,75.6,REAL_FILE (cotton_prices_weekly.csv),93.47,REAL_FILE (cpi_weekly.csv),81.11666666666667,-0.06800904047667988
2023-01-02,2023,1,1,Pongal,0.6571428571428571,True,True,SYNTHETIC_PROXY (pytrends unreachable in this environment),59.1,78.9,REAL_FILE (cotton_prices_weekly.csv),93.52,REAL_FILE (cpi_weekly.csv),80.9,-0.024721878862793534
2023-01-09,2023,1,2,Pongal,0.8571428571428572,True,True,SYNTHETIC_PROXY (pytrends unreachable in this environment),64.5,79.0,REAL_FILE (cotton_prices_weekly.csv),93.56,REAL_FILE (cpi_weekly.csv),80.875,-0.023183925811437356
2023-01-16,2023,1,3,Pongal,1.0,True,True,SYNTHETIC_PROXY (pytrends unreachable in this environment),74.7,79.1,REAL_FILE (cotton_prices_weekly.csv),93.61,REAL_FILE (cpi_weekly.csv),81.24166666666667,-0.02636167812083312
2023-01-23,2023,1,4,,0.0,False,True,SYNTHETIC_PROXY (pytrends unreachable in this environment),37.6,77.8,REAL_FILE (cotton_prices_weekly.csv),93.65,REAL_FILE (cpi_weekly.csv),81.10833333333333,-0.040789068118771254
2023-01-30,2023,1,5,,0.0,False,True,SYNTHETIC_PROXY (pytrends unreachable in this environment),41.1,77.3,REAL_FILE (cotton_prices_weekly.csv),93.7,REAL_FILE (cpi_weekly.csv),80.575,-0.04064536146447417
2023-02-06,2023,2,6,,0.0,False,True,SYNTHETIC_PROXY (pytrends unreachable in this environment),43.5,76.2,REAL_FILE (cotton_prices_weekly.csv),93.75,REAL_FILE (cpi_weekly.csv),79.675,-0.0436146846564166
2023-02-13,2023,2,7,,0.0,False,True,SYNTHETIC_PROXY (pytrends unreachable in this environment),42.6,77.3,REAL_FILE (cotton_prices_weekly.csv),93.79,REAL_FILE (cpi_weekly.csv),79.08333333333333,-0.022550052687038913
2023-02-20,2023,2,8,,0.0,False,True,SYNTHETIC_PROXY (pytrends unreachable in this environment),51.7,76.6,REAL_FILE (cotton_prices_weekly.csv),93.84,REAL_FILE (cpi_weekly.csv),78.43333333333332,-0.02337441563960896
2023-02-27,2023,2,9,,0.0,False,True,SYNTHETIC_PROXY (pytrends unreachable in this environment),50.2,75.7,REAL_FILE (cotton_prices_weekly.csv),93.88,REAL_FILE (cpi_weekly.csv),77.875,-0.02792937399678974
2023-03-06,2023,3,10,,0.0,False,False,SYNTHETIC_PROXY (pytrends unreachable in this environment),54.3,74.0,REAL_FILE (cotton_prices_weekly.csv),93.93,REAL_FILE (cpi_weekly.csv),77.25833333333334,-0.04217452270520983
2023-03-13,2023,3,11,,0.0,False,False,SYNTHETIC_PROXY (pytrends unreachable in this environment),58.3,73.4,REAL_FILE (cotton_prices_weekly.csv),93.98,REAL_FILE (cpi_weekly.csv),76.74166666666666,-0.04354435877945473
2023-03-20,2023,3,12,Eid_ul_Fitr,0.0857142857142857,True,False,SYNTHETIC_PROXY (pytrends unreachable in this environment),63.0,73.5,REAL_FILE (cotton_prices_weekly.csv),94.02,REAL_FILE (cpi_weekly.csv),76.56666666666666,-0.04005224205485414
2023-03-27,2023,3,13,Eid_ul_Fitr,0.2857142857142857,True,False,SYNTHETIC_PROXY (pytrends unreachable in this environment),72.6,73.2,REAL_FILE (cotton_prices_weekly.csv),94.07,REAL_FILE (cpi_weekly.csv),76.09166666666665,-0.0380024093746576
2023-04-03,2023,4,14,Eid_ul_Fitr,0.4857142857142856,True,True,SYNTHETIC_PROXY (pytrends unreachable in this environment),78.1,75.8,REAL_FILE (cotton_prices_weekly.csv),94.12,REAL_FILE (cpi_weekly.csv),75.825,-0.00032970656116060315
2023-04-10,2023,4,15,Eid_ul_Fitr,0.6857142857142857,True,True,SYNTHETIC_PROXY (pytrends unreachable in this environment),85.0,76.3,REAL_FILE (cotton_prices_weekly.csv),94.16,REAL_FILE (cpi_weekly.csv),75.59166666666665,0.009370521441957935
2023-04-17,2023,4,16,Eid_ul_Fitr,0.8857142857142857,True,True,SYNTHETIC_PROXY (pytrends unreachable in this environment),94.4,75.6,REAL_FILE (cotton_prices_weekly.csv),94.21,REAL_FILE (cpi_weekly.csv),75.40833333333333,0.002541717316830505
2023-04-24,2023,4,17,Eid_ul_Fitr,1.0,True,True,SYNTHETIC_PROXY (pytrends unreachable in this environment),92.7,74.5,REAL_FILE (cotton_prices_weekly.csv),94.25,REAL_FILE (cpi_weekly.csv),75.175,-0.008979048885932817
2023-05-01,2023,5,18,,0.0,False,True,SYNTHETIC_PROXY (pytrends unreachable in this environment),59.1,74.5,REAL_FILE (cotton_prices_weekly.csv),94.3,REAL_FILE (cpi_weekly.csv),75.03333333333333,-0.00710795202132386
2023-05-08,2023,5,19,,0.0,False,True,SYNTHETIC_PROXY (pytrends unreachable in this environment),59.7,73.1,REAL_FILE (cotton_prices_weekly.csv),94.59,REAL_FILE (cpi_weekly.csv),74.68333333333334,-0.02120062486052232
2023-05-15,2023,5,20,,0.0,False,True,SYNTHETIC_PROXY (pytrends unreachable in this environment),60.9,71.6,REAL_FILE (cotton_prices_weekly.csv),94.88,REAL_FILE (cpi_weekly.csv),74.26666666666667,-0.03590664272890487
2023-05-22,2023,5,21,,0.0,False,True,SYNTHETIC_PROXY (pytrends unreachable in this environment),66.0,68.1,REAL_FILE (cotton_prices_weekly.csv),95.18,REAL_FILE (cpi_weekly.csv),73.63333333333333,-0.0751471253961068
2023-05-29,2023,5,22,,0.0,False,True,SYNTHETIC_PROXY (pytrends unreachable in this environment),60.1,69.2,REAL_FILE (cotton_prices_weekly.csv),95.47,REAL_FILE (cpi_weekly.csv),73.23333333333333,-0.05507510241238045
2023-06-05,2023,6,23,,0.0,False,True,SYNTHETIC_PROXY (pytrends unreachable in this environment),61.2,70.2,REAL_FILE (cotton_prices_weekly.csv),95.76,REAL_FILE (cpi_weekly.csv),72.96666666666665,-0.03791685701233416
2023-06-12,2023,6,24,,0.0,False,True,SYNTHETIC_PROXY (pytrends unreachable in this environment),66.7,68.6,REAL_FILE (cotton_prices_weekly.csv),96.05,REAL_FILE (cpi_weekly.csv),72.55833333333332,-0.05455380728149761
2023-06-19,2023,6,25,,0.0,False,True,SYNTHETIC_PROXY (pytrends unreachable in this environment),58.5,68.3,REAL_FILE (cotton_prices_weekly.csv),96.35,REAL_FILE (cpi_weekly.csv),72.15,-0.05336105336105346
2023-06-26,2023,6,26,,0.0,False,True,SYNTHETIC_PROXY (pytrends unreachable in this environment),61.2,67.1,REAL_FILE (cotton_prices_weekly.csv),96.64,REAL_FILE (cpi_weekly.csv),71.425,-0.060553027651382596
2023-07-03,2023,7,27,,0.0,False,False,SYNTHETIC_PROXY (pytrends unreachable in this environment),52.6,67.9,REAL_FILE (cotton_prices_weekly.csv),96.93,REAL_FILE (cpi_weekly.csv),70.72500000000001,-0.03994344291269003
2023-07-10,2023,7,28,,0.0,False,False,SYNTHETIC_PROXY (pytrends unreachable in this environment),53.5,67.3,REAL_FILE (cotton_prices_weekly.csv),97.22,REAL_FILE (cpi_weekly.csv),70.03333333333333,-0.0390290337934317
2023-07-17,2023,7,29,,0.0,False,False,SYNTHETIC_PROXY (pytrends unreachable in this environment),48.3,67.6,REAL_FILE (cotton_prices_weekly.csv),97.52,REAL_FILE (cpi_weekly.csv),69.45833333333333,-0.026754649070185987
2023-07-24,2023,7,30,,0.0,False,False,SYNTHETIC_PROXY (pytrends unreachable in this environment),48.4,68.0,REAL_FILE (cotton_prices_weekly.csv),97.81,REAL_FILE (cpi_weekly.csv),68.91666666666667,-0.01330108827085863
2023-07-31,2023,7,31,Onam,0.1714285714285713,True,False,SYNTHETIC_PROXY (pytrends unreachable in this environment),56.8,68.2,REAL_FILE (cotton_prices_weekly.csv),98.1,REAL_FILE (cpi_weekly.csv),68.50833333333333,-0.004500669018367431
2023-08-07,2023,8,32,Onam,0.3714285714285714,True,False,SYNTHETIC_PROXY (pytrends unreachable in this environment),51.1,70.0,REAL_FILE (cotton_prices_weekly.csv),98.08,REAL_FILE (cpi_weekly.csv),68.375,0.02376599634369292
2023-08-14,2023,8,33,Onam,0.5714285714285714,True,False,SYNTHETIC_PROXY (pytrends unreachable in this environment),64.3,71.3,REAL_FILE (cotton_prices_weekly.csv),98.06,REAL_FILE (cpi_weekly.csv),68.64166666666667,0.03872769212091787
2023-08-21,2023,8,34,Onam,0.7714285714285715,True,False,SYNTHETIC_PROXY (pytrends unreachable in this environment),68.2,70.0,REAL_FILE (cotton_prices_weekly.csv),98.05,REAL_FILE (cpi_weekly.csv),68.70833333333333,0.018799272286234237
2023-08-28,2023,8,35,Onam,0.9714285714285714,True,False,SYNTHETIC_PROXY (pytrends unreachable in this environment),69.5,69.0,REAL_FILE (cotton_prices_weekly.csv),98.03,REAL_FILE (cpi_weekly.csv),68.60833333333333,0.005708733147090861
2023-09-04,2023,9,36,Raksha_Bandhan,1.0,True,False,SYNTHETIC_PROXY (pytrends unreachable in this environment),64.9,67.9,REAL_FILE (cotton_prices_weekly.csv),98.01,REAL_FILE (cpi_weekly.csv),68.55,-0.009482129832239172
2023-09-11,2023,9,37,Navratri_start,0.0285714285714286,True,False,SYNTHETIC_PROXY (pytrends unreachable in this environment),34.9,68.4,REAL_FILE (cotton_prices_weekly.csv),97.99,REAL_FILE (cpi_weekly.csv),68.55833333333332,-0.002309468822170646
2023-09-18,2023,9,38,Navratri_start,0.2285714285714285,True,False,SYNTHETIC_PROXY (pytrends unreachable in this environment),37.6,65.6,REAL_FILE (cotton_prices_weekly.csv),97.97,REAL_FILE (cpi_weekly.csv),68.43333333333334,-0.04140282513395044
2023-09-25,2023,9,39,Navratri_start,0.4285714285714286,True,False,SYNTHETIC_PROXY (pytrends unreachable in this environment),46.0,63.9,REAL_FILE (cotton_prices_weekly.csv),97.95,REAL_FILE (cpi_weekly.csv),68.1,-0.06167400881057261
2023-10-02,2023,10,40,Navratri_start,0.6285714285714286,True,False,SYNTHETIC_PROXY (pytrends unreachable in this environment),50.6,65.2,REAL_FILE (cotton_prices_weekly.csv),97.94,REAL_FILE (cpi_weekly.csv),67.925,-0.04011777695988217
2023-10-09,2023,10,41,Navratri_start,0.8285714285714285,True,False,SYNTHETIC_PROXY (pytrends unreachable in this environment),62.7,67.0,REAL_FILE (cotton_prices_weekly.csv),97.92,REAL_FILE (cpi_weekly.csv),67.875,-0.012891344383057057
2023-10-16,2023,10,42,Navratri_start,1.0,True,False,SYNTHETIC_PROXY (pytrends unreachable in this environment),60.3,67.8,REAL_FILE (cotton_prices_weekly.csv),97.9,REAL_FILE (cpi_weekly.csv),67.85833333333333,-0.0008596340415081283
2023-10-23,2023,10,43,Diwali,0.4285714285714286,True,False,SYNTHETIC_PROXY (pytrends unreachable in this environment),36.5,68.7,REAL_FILE (cotton_prices_weekly.csv),97.88,REAL_FILE (cpi_weekly.csv),67.9,0.01178203240058906
2023-10-30,2023,10,44,Diwali,0.6285714285714286,True,False,SYNTHETIC_PROXY (pytrends unreachable in this environment),47.9,69.6,REAL_FILE (cotton_prices_weekly.csv),97.86,REAL_FILE (cpi_weekly.csv),67.86666666666667,0.025540275049115824
2023-11-06,2023,11,45,Diwali,0.8285714285714285,True,True,SYNTHETIC_PROXY (pytrends unreachable in this environment),54.9,69.0,REAL_FILE (cotton_prices_weekly.csv),97.85,REAL_FILE (cpi_weekly.csv),67.675,0.01957886959734023
2023-11-13,2023,11,46,Diwali,1.0,True,True,SYNTHETIC_PROXY (pytrends unreachable in this environment),65.6,69.4,REAL_FILE (cotton_prices_weekly.csv),97.83,REAL_FILE (cpi_weekly.csv),67.625,0.026247689463955615
2023-11-20,2023,11,47,,0.0,False,True,SYNTHETIC_PROXY (pytrends unreachable in this environment),28.9,69.4,REAL_FILE (cotton_prices_weekly.csv),97.81,REAL_FILE (cpi_weekly.csv),67.65833333333333,0.025742086463850233
2023-11-27,2023,11,48,,0.0,False,True,SYNTHETIC_PROXY (pytrends unreachable in this environment),27.7,68.8,REAL_FILE (cotton_prices_weekly.csv),97.79,REAL_FILE (cpi_weekly.csv),67.73333333333333,0.015748031496062964
2023-12-04,2023,12,49,,0.0,False,True,SYNTHETIC_PROXY (pytrends unreachable in this environment),33.1,68.3,REAL_FILE (cotton_prices_weekly.csv),97.77,REAL_FILE (cpi_weekly.csv),67.72500000000001,0.00849021779254322
2023-12-11,2023,12,50,Pongal,0.0285714285714286,True,True,SYNTHETIC_PROXY (pytrends unreachable in this environment),24.8,68.2,REAL_FILE (cotton_prices_weekly.csv),97.75,REAL_FILE (cpi_weekly.csv),67.94166666666666,0.0038022813688214363
2023-12-18,2023,12,51,Pongal,0.2285714285714285,True,True,SYNTHETIC_PROXY (pytrends unreachable in this environment),35.5,67.2,REAL_FILE (cotton_prices_weekly.csv),97.74,REAL_FILE (cpi_weekly.csv),68.21666666666667,-0.014903493769851006
2023-12-25,2023,12,52,Pongal,0.4285714285714286,True,True,SYNTHETIC_PROXY (pytrends unreachable in this environment),43.0,67.4,REAL_FILE (cotton_prices_weekly.csv),97.72,REAL_FILE (cpi_weekly.csv),68.39999999999999,-0.014619883040935422
2024-01-01,2024,1,1,Pongal,0.6285714285714286,True,True,SYNTHETIC_PROXY (pytrends unreachable in this environment),54.1,66.8,REAL_FILE (cotton_prices_weekly.csv),97.7,REAL_FILE (cpi_weekly.csv),68.38333333333334,-0.023153789909822198
2024-01-08,2024,1,2,Pongal,0.8285714285714285,True,True,SYNTHETIC_PROXY (pytrends unreachable in this environment),59.2,66.2,REAL_FILE (cotton_prices_weekly.csv),97.75,REAL_FILE (cpi_weekly.csv),68.25,-0.03003663003663004
2024-01-15,2024,1,3,Pongal,1.0,True,True,SYNTHETIC_PROXY (pytrends unreachable in this environment),75.4,66.5,REAL_FILE (cotton_prices_weekly.csv),97.79,REAL_FILE (cpi_weekly.csv),68.06666666666666,-0.023016650342801093
2024-01-22,2024,1,4,,0.0,False,True,SYNTHETIC_PROXY (pytrends unreachable in this environment),39.3,66.5,REAL_FILE (cotton_prices_weekly.csv),97.84,REAL_FILE (cpi_weekly.csv),67.80833333333334,-0.019294580312154364
2024-01-29,2024,1,5,,0.0,False,True,SYNTHETIC_PROXY (pytrends unreachable in this environment),36.7,65.3,REAL_FILE (cotton_prices_weekly.csv),97.88,REAL_FILE (cpi_weekly.csv),67.50000000000001,-0.03259259259259284
2024-02-05,2024,2,6,,0.0,False,True,SYNTHETIC_PROXY (pytrends unreachable in this environment),40.9,65.7,REAL_FILE (cotton_prices_weekly.csv),97.93,REAL_FILE (cpi_weekly.csv),67.19166666666666,-0.022200173632642817
2024-02-12,2024,2,7,,0.0,False,True,SYNTHETIC_PROXY (pytrends unreachable in this environment),48.7,66.5,REAL_FILE (cotton_prices_weekly.csv),97.98,REAL_FILE (cpi_weekly.csv),66.95,-0.006721433905899965
2024-02-19,2024,2,8,,0.0,False,True,SYNTHETIC_PROXY (pytrends unreachable in this environment),53.1,68.1,REAL_FILE (cotton_prices_weekly.csv),98.02,REAL_FILE (cpi_weekly.csv),66.89166666666667,0.018064033885635933
2024-02-26,2024,2,9,,0.0,False,True,SYNTHETIC_PROXY (pytrends unreachable in this environment),60.1,70.5,REAL_FILE (cotton_prices_weekly.csv),98.07,REAL_FILE (cpi_weekly.csv),67.075,0.05106224375698831
2024-03-04,2024,3,10,,0.0,False,False,SYNTHETIC_PROXY (pytrends unreachable in this environment),65.9,71.5,REAL_FILE (cotton_prices_weekly.csv),98.12,REAL_FILE (cpi_weekly.csv),67.35000000000001,0.06161841128433543
2024-03-11,2024,3,11,Eid_ul_Fitr,0.1428571428571429,True,False,SYNTHETIC_PROXY (pytrends unreachable in this environment),63.0,73.2,REAL_FILE (cotton_prices_weekly.csv),98.16,REAL_FILE (cpi_weekly.csv),67.85000000000001,0.07885040530582166
2024-03-18,2024,3,12,Eid_ul_Fitr,0.3428571428571428,True,False,SYNTHETIC_PROXY (pytrends unreachable in this environment),66.3,72.5,REAL_FILE (cotton_prices_weekly.csv),98.21,REAL_FILE (cpi_weekly.csv),68.275,0.06188209447088977
2024-03-25,2024,3,13,Eid_ul_Fitr,0.5428571428571429,True,False,SYNTHETIC_PROXY (pytrends unreachable in this environment),70.4,71.2,REAL_FILE (cotton_prices_weekly.csv),98.25,REAL_FILE (cpi_weekly.csv),68.64166666666667,0.03727085103799932
2024-04-01,2024,4,14,Eid_ul_Fitr,0.7428571428571429,True,True,SYNTHETIC_PROXY (pytrends unreachable in this environment),88.5,72.0,REAL_FILE (cotton_prices_weekly.csv),98.3,REAL_FILE (cpi_weekly.csv),69.125,0.041591320072332794
2024-04-08,2024,4,15,Eid_ul_Fitr,0.9428571428571428,True,True,SYNTHETIC_PROXY (pytrends unreachable in this environment),92.5,70.7,REAL_FILE (cotton_prices_weekly.csv),98.56,REAL_FILE (cpi_weekly.csv),69.47500000000001,0.0176322418136019
2024-04-15,2024,4,16,Eid_ul_Fitr,1.0,True,True,SYNTHETIC_PROXY (pytrends unreachable in this environment),97.0,69.4,REAL_FILE (cotton_prices_weekly.csv),98.82,REAL_FILE (cpi_weekly.csv),69.71666666666667,-0.004542194597178972
2024-04-22,2024,4,17,,0.0,False,True,SYNTHETIC_PROXY (pytrends unreachable in this environment),62.0,70.2,REAL_FILE (cotton_prices_weekly.csv),99.08,REAL_FILE (cpi_weekly.csv),70.125,0.0010695187165776776
2024-04-29,2024,4,18,,0.0,False,True,SYNTHETIC_PROXY (pytrends unreachable in this environment),64.3,69.5,REAL_FILE (cotton_prices_weekly.csv),99.35,REAL_FILE (cpi_weekly.csv),70.44166666666668,-0.013368035017153779
2024-05-06,2024,5,19,,0.0,False,True,SYNTHETIC_PROXY (pytrends unreachable in this environment),69.3,69.7,REAL_FILE (cotton_prices_weekly.csv),99.61,REAL_FILE (cpi_weekly.csv),70.70833333333333,-0.01426045963464928
2024-05-13,2024,5,20,,0.0,False,True,SYNTHETIC_PROXY (pytrends unreachable in this environment),65.5,69.3,REAL_FILE (cotton_prices_weekly.csv),99.87,REAL_FILE (cpi_weekly.csv),70.80833333333334,-0.021301635871484148
2024-05-20,2024,5,21,,0.0,False,True,SYNTHETIC_PROXY (pytrends unreachable in this environment),63.8,70.0,REAL_FILE (cotton_prices_weekly.csv),100.13,REAL_FILE (cpi_weekly.csv),70.76666666666667,-0.010833725859632604
2024-05-27,2024,5,22,,0.0,False,True,SYNTHETIC_PROXY (pytrends unreachable in this environment),59.6,69.5,REAL_FILE (cotton_prices_weekly.csv),100.39,REAL_FILE (cpi_weekly.csv),70.60000000000001,-0.015580736543909457
2024-06-03,2024,6,23,,0.0,False,True,SYNTHETIC_PROXY (pytrends unreachable in this environment),56.0,68.7,REAL_FILE (cotton_prices_weekly.csv),100.65,REAL_FILE (cpi_weekly.csv),70.225,-0.021715913136347353
2024-06-10,2024,6,24,,0.0,False,True,SYNTHETIC_PROXY (pytrends unreachable in this environment),59.5,68.6,REAL_FILE (cotton_prices_weekly.csv),100.92,REAL_FILE (cpi_weekly.csv),69.89999999999999,-0.01859799713876964
2024-06-17,2024,6,25,,0.0,False,True,SYNTHETIC_PROXY (pytrends unreachable in this environment),59.8,68.8,REAL_FILE (cotton_prices_weekly.csv),101.18,REAL_FILE (cpi_weekly.csv),69.7,-0.012912482065997266
2024-06-24,2024,6,26,,0.0,False,True,SYNTHETIC_PROXY (pytrends unreachable in this environment),65.3,69.8,REAL_FILE (cotton_prices_weekly.csv),101.44,REAL_FILE (cpi_weekly.csv),69.51666666666667,0.004075761208343298
2024-07-01,2024,7,27,,0.0,False,False,SYNTHETIC_PROXY (pytrends unreachable in this environment),56.9,70.1,REAL_FILE (cotton_prices_weekly.csv),101.7,REAL_FILE (cpi_weekly.csv),69.46666666666667,0.009117082533589116
2024-07-08,2024,7,28,,0.0,False,False,SYNTHETIC_PROXY (pytrends unreachable in this environment),58.2,70.9,REAL_FILE (cotton_prices_weekly.csv),101.75,REAL_FILE (cpi_weekly.csv),69.59166666666667,0.01880014369536598
2024-07-15,2024,7,29,,0.0,False,False,SYNTHETIC_PROXY (pytrends unreachable in this environment),50.1,71.0,REAL_FILE (cotton_prices_weekly.csv),101.79,REAL_FILE (cpi_weekly.csv),69.65833333333333,0.019260677114487423
2024-07-22,2024,7,30,Raksha_Bandhan,0.1999999999999999,True,False,SYNTHETIC_PROXY (pytrends unreachable in this environment),52.0,70.8,REAL_FILE (cotton_prices_weekly.csv),101.84,REAL_FILE (cpi_weekly.csv),69.76666666666667,0.014811275680840952
2024-07-29,2024,7,31,Raksha_Bandhan,0.4,True,False,SYNTHETIC_PROXY (pytrends unreachable in this environment),57.6,70.2,REAL_FILE (cotton_prices_weekly.csv),101.88,REAL_FILE (cpi_weekly.csv),69.80833333333334,0.005610600453622938
2024-08-05,2024,8,32,Raksha_Bandhan,0.6,True,False,SYNTHETIC_PROXY (pytrends unreachable in this environment),63.1,70.8,REAL_FILE (cotton_prices_weekly.csv),101.93,REAL_FILE (cpi_weekly.csv),69.93333333333332,0.012392755004766665
2024-08-12,2024,8,33,Raksha_Bandhan,0.8,True,False,SYNTHETIC_PROXY (pytrends unreachable in this environment),79.1,70.0,REAL_FILE (cotton_prices_weekly.csv),101.98,REAL_FILE (cpi_weekly.csv),69.93333333333332,0.0009532888465206835
2024-08-19,2024,8,34,Raksha_Bandhan,1.0,True,False,SYNTHETIC_PROXY (pytrends unreachable in this environment),71.9,71.2,REAL_FILE (cotton_prices_weekly.csv),102.02,REAL_FILE (cpi_weekly.csv),70.075,0.016054227613271577
2024-08-26,2024,8,35,Raksha_Bandhan,1.0,True,False,SYNTHETIC_PROXY (pytrends unreachable in this environment),76.3,70.7,REAL_FILE (cotton_prices_weekly.csv),102.07,REAL_FILE (cpi_weekly.csv),70.24166666666667,0.006525091944477257
2024-09-02,2024,9,36,Onam,0.6285714285714286,True,False,SYNTHETIC_PROXY (pytrends unreachable in this environment),54.1,71.2,REAL_FILE (cotton_prices_weekly.csv),102.12,REAL_FILE (cpi_weekly.csv),70.45833333333333,0.010526315789473717
2024-09-09,2024,9,37,Onam,0.8285714285714285,True,False,SYNTHETIC_PROXY (pytrends unreachable in this environment),66.4,69.2,REAL_FILE (cotton_prices_weekly.csv),102.16,REAL_FILE (cpi_weekly.csv),70.49166666666667,-0.01832367892185849
2024-09-16,2024,9,38,Onam,1.0,True,False,SYNTHETIC_PROXY (pytrends unreachable in this environment),68.3,69.4,REAL_FILE (cotton_prices_weekly.csv),102.21,REAL_FILE (cpi_weekly.csv),70.45833333333333,-0.015020697811945483
2024-09-23,2024,9,39,Navratri_start,0.7142857142857143,True,False,SYNTHETIC_PROXY (pytrends unreachable in this environment),54.4,68.2,REAL_FILE (cotton_prices_weekly.csv),102.25,REAL_FILE (cpi_weekly.csv),70.3,-0.02987197724039825
2024-09-30,2024,9,40,Navratri_start,0.9142857142857144,True,False,SYNTHETIC_PROXY (pytrends unreachable in this environment),60.4,67.0,REAL_FILE (cotton_prices_weekly.csv),102.3,REAL_FILE (cpi_weekly.csv),69.97500000000001,-0.04251518399428378
2024-10-07,2024,10,41,Navratri_start,1.0,True,False,SYNTHETIC_PROXY (pytrends unreachable in this environment),59.7,68.4,REAL_FILE (cotton_prices_weekly.csv),102.26,REAL_FILE (cpi_weekly.csv),69.75833333333334,-0.019471986620475445
2024-10-14,2024,10,42,Diwali,0.5142857142857143,True,False,SYNTHETIC_PROXY (pytrends unreachable in this environment),46.1,69.1,REAL_FILE (cotton_prices_weekly.csv),102.23,REAL_FILE (cpi_weekly.csv),69.61666666666667,-0.007421594445774615
2024-10-21,2024,10,43,Diwali,0.7142857142857143,True,False,SYNTHETIC_PROXY (pytrends unreachable in this environment),48.8,69.0,REAL_FILE (cotton_prices_weekly.csv),102.2,REAL_FILE (cpi_weekly.csv),69.51666666666667,-0.007432270438743727
2024-10-28,2024,10,44,Diwali,0.9142857142857144,True,False,SYNTHETIC_PROXY (pytrends unreachable in this environment),52.2,69.1,REAL_FILE (cotton_prices_weekly.csv),102.16,REAL_FILE (cpi_weekly.csv),69.375,-0.0039639639639640345
2024-11-04,2024,11,45,Diwali,1.0,True,True,SYNTHETIC_PROXY (pytrends unreachable in this environment),54.9,70.6,REAL_FILE (cotton_prices_weekly.csv),102.12,REAL_FILE (cpi_weekly.csv),69.425,0.016924738926899385
2024-11-11,2024,11,46,,0.0,False,True,SYNTHETIC_PROXY (pytrends unreachable in this environment),25.8,71.9,REAL_FILE (cotton_prices_weekly.csv),102.09,REAL_FILE (cpi_weekly.csv),69.48333333333333,0.03478052290717204
2024-11-18,2024,11,47,,0.0,False,True,SYNTHETIC_PROXY (pytrends unreachable in this environment),31.9,71.6,REAL_FILE (cotton_prices_weekly.csv),102.06,REAL_FILE (cpi_weekly.csv),69.55833333333332,0.029351862944770657
2024-11-25,2024,11,48,,0.0,False,True,SYNTHETIC_PROXY (pytrends unreachable in this environment),26.9,72.2,REAL_FILE (cotton_prices_weekly.csv),102.02,REAL_FILE (cpi_weekly.csv),69.64166666666667,0.03673567069522554
2024-12-02,2024,12,49,,0.0,False,True,SYNTHETIC_PROXY (pytrends unreachable in this environment),26.8,72.4,REAL_FILE (cotton_prices_weekly.csv),101.98,REAL_FILE (cpi_weekly.csv),69.90833333333333,0.03564191202765543
2024-12-09,2024,12,50,,0.0,False,True,SYNTHETIC_PROXY (pytrends unreachable in this environment),29.7,71.6,REAL_FILE (cotton_prices_weekly.csv),101.95,REAL_FILE (cpi_weekly.csv),70.09166666666667,0.021519438830103432
2024-12-16,2024,12,51,Pongal,0.1714285714285713,True,True,SYNTHETIC_PROXY (pytrends unreachable in this environment),41.3,70.9,REAL_FILE (cotton_prices_weekly.csv),101.92,REAL_FILE (cpi_weekly.csv),70.31666666666666,0.008295804693055464
2024-12-23,2024,12,52,Pongal,0.3714285714285714,True,True,SYNTHETIC_PROXY (pytrends unreachable in this environment),45.6,70.5,REAL_FILE (cotton_prices_weekly.csv),101.88,REAL_FILE (cpi_weekly.csv),70.60833333333333,-0.0015342853770801135
2024-12-30,2024,12,1,Pongal,0.5714285714285714,True,True,SYNTHETIC_PROXY (pytrends unreachable in this environment),52.0,70.7,REAL_FILE (cotton_prices_weekly.csv),101.84,REAL_FILE (cpi_weekly.csv),70.8,-0.0014124293785310327
2025-01-06,2025,1,2,Pongal,0.7714285714285715,True,True,SYNTHETIC_PROXY (pytrends unreachable in this environment),67.1,71.5,REAL_FILE (cotton_prices_weekly.csv),101.81,REAL_FILE (cpi_weekly.csv),71.0,0.007042253521126751
2025-01-13,2025,1,3,Pongal,0.9714285714285714,True,True,SYNTHETIC_PROXY (pytrends unreachable in this environment),73.6,71.3,REAL_FILE (cotton_prices_weekly.csv),101.78,REAL_FILE (cpi_weekly.csv),71.19166666666666,0.0015217136837177847
2025-01-20,2025,1,4,Pongal,1.0,True,True,SYNTHETIC_PROXY (pytrends unreachable in this environment),81.4,71.4,REAL_FILE (cotton_prices_weekly.csv),101.74,REAL_FILE (cpi_weekly.csv),71.38333333333334,0.0002334812047630752
2025-01-27,2025,1,5,,0.0,False,True,SYNTHETIC_PROXY (pytrends unreachable in this environment),43.3,71.1,REAL_FILE (cotton_prices_weekly.csv),101.7,REAL_FILE (cpi_weekly.csv),71.425,-0.004550227511375571
2025-02-03,2025,2,6,,0.0,False,True,SYNTHETIC_PROXY (pytrends unreachable in this environment),40.1,70.5,REAL_FILE (cotton_prices_weekly.csv),101.67,REAL_FILE (cpi_weekly.csv),71.30833333333334,-0.011335748509991861
2025-02-10,2025,2,7,,0.0,False,True,SYNTHETIC_PROXY (pytrends unreachable in this environment),41.9,70.3,REAL_FILE (cotton_prices_weekly.csv),101.64,REAL_FILE (cpi_weekly.csv),71.2,-0.012640449438202306
2025-02-17,2025,2,8,,0.0,False,True,SYNTHETIC_PROXY (pytrends unreachable in this environment),56.4,69.7,REAL_FILE (cotton_prices_weekly.csv),101.6,REAL_FILE (cpi_weekly.csv),70.99166666666666,-0.01819462378213388
2025-02-24,2025,2,9,Eid_ul_Fitr,0.0285714285714286,True,True,SYNTHETIC_PROXY (pytrends unreachable in this environment),60.0,69.5,REAL_FILE (cotton_prices_weekly.csv),101.56,REAL_FILE (cpi_weekly.csv),70.75,-0.017667844522968212
2025-03-03,2025,3,10,Eid_ul_Fitr,0.2285714285714285,True,False,SYNTHETIC_PROXY (pytrends unreachable in this environment),61.6,69.1,REAL_FILE (cotton_prices_weekly.csv),101.53,REAL_FILE (cpi_weekly.csv),70.54166666666667,-0.02043709391612536
2025-03-10,2025,3,11,Eid_ul_Fitr,0.4285714285714286,True,False,SYNTHETIC_PROXY (pytrends unreachable in this environment),69.8,68.7,REAL_FILE (cotton_prices_weekly.csv),101.5,REAL_FILE (cpi_weekly.csv),70.35833333333333,-0.023569821153618387
2025-03-17,2025,3,12,Eid_ul_Fitr,0.6285714285714286,True,False,SYNTHETIC_PROXY (pytrends unreachable in this environment),86.1,69.4,REAL_FILE (cotton_prices_weekly.csv),101.46,REAL_FILE (cpi_weekly.csv),70.26666666666667,-0.012333965844402162
2025-03-24,2025,3,13,Eid_ul_Fitr,0.8285714285714285,True,False,SYNTHETIC_PROXY (pytrends unreachable in this environment),84.5,70.5,REAL_FILE (cotton_prices_weekly.csv),101.42,REAL_FILE (cpi_weekly.csv),70.25,0.003558718861210064
2025-03-31,2025,3,14,Eid_ul_Fitr,1.0,True,False,SYNTHETIC_PROXY (pytrends unreachable in this environment),92.9,70.6,REAL_FILE (cotton_prices_weekly.csv),101.39,REAL_FILE (cpi_weekly.csv),70.175,0.006056287851799125
2025-04-07,2025,4,15,,0.0,False,True,SYNTHETIC_PROXY (pytrends unreachable in this environment),65.3,70.4,REAL_FILE (cotton_prices_weekly.csv),101.48,REAL_FILE (cpi_weekly.csv),70.10000000000001,0.004279600570613384
2025-04-14,2025,4,16,,0.0,False,True,SYNTHETIC_PROXY (pytrends unreachable in this environment),62.1,70.9,REAL_FILE (cotton_prices_weekly.csv),101.56,REAL_FILE (cpi_weekly.csv),70.05833333333334,0.012013798025455102
2025-04-21,2025,4,17,,0.0,False,True,SYNTHETIC_PROXY (pytrends unreachable in this environment),64.4,71.2,REAL_FILE (cotton_prices_weekly.csv),101.65,REAL_FILE (cpi_weekly.csv),70.06666666666666,0.016175071360609028
2025-04-28,2025,4,18,,0.0,False,True,SYNTHETIC_PROXY (pytrends unreachable in this environment),64.2,71.1,REAL_FILE (cotton_prices_weekly.csv),101.73,REAL_FILE (cpi_weekly.csv),70.11666666666666,0.014024245305443328
2025-05-05,2025,5,19,,0.0,False,True,SYNTHETIC_PROXY (pytrends unreachable in this environment),66.4,70.9,REAL_FILE (cotton_prices_weekly.csv),101.82,REAL_FILE (cpi_weekly.csv),70.16666666666667,0.010451306413301609
2025-05-12,2025,5,20,,0.0,False,True,SYNTHETIC_PROXY (pytrends unreachable in this environment),70.5,70.4,REAL_FILE (cotton_prices_weekly.csv),101.91,REAL_FILE (cpi_weekly.csv),70.22500000000001,0.0024919900320399258
2025-05-19,2025,5,21,,0.0,False,True,SYNTHETIC_PROXY (pytrends unreachable in this environment),64.8,69.9,REAL_FILE (cotton_prices_weekly.csv),101.99,REAL_FILE (cpi_weekly.csv),70.25833333333334,-0.005100225358794952
2025-05-26,2025,5,22,,0.0,False,True,SYNTHETIC_PROXY (pytrends unreachable in this environment),66.3,70.0,REAL_FILE (cotton_prices_weekly.csv),102.08,REAL_FILE (cpi_weekly.csv),70.33333333333333,-0.004739336492890933
2025-06-02,2025,6,23,,0.0,False,True,SYNTHETIC_PROXY (pytrends unreachable in this environment),54.5,70.3,REAL_FILE (cotton_prices_weekly.csv),102.17,REAL_FILE (cpi_weekly.csv),70.46666666666667,-0.002365184484389826
2025-06-09,2025,6,24,,0.0,False,True,SYNTHETIC_PROXY (pytrends unreachable in this environment),61.3,70.1,REAL_FILE (cotton_prices_weekly.csv),102.25,REAL_FILE (cpi_weekly.csv),70.52499999999999,-0.00602623183268336
2025-06-16,2025,6,25,,0.0,False,True,SYNTHETIC_PROXY (pytrends unreachable in this environment),56.6,70.9,REAL_FILE (cotton_prices_weekly.csv),102.34,REAL_FILE (cpi_weekly.csv),70.55833333333332,0.004842329042163973
2025-06-23,2025,6,26,,0.0,False,True,SYNTHETIC_PROXY (pytrends unreachable in this environment),53.4,71.4,REAL_FILE (cotton_prices_weekly.csv),102.42,REAL_FILE (cpi_weekly.csv),70.62500000000001,0.010973451327433548
2025-06-30,2025,6,27,,0.0,False,True,SYNTHETIC_PROXY (pytrends unreachable in this environment),52.8,72.1,REAL_FILE (cotton_prices_weekly.csv),102.51,REAL_FILE (cpi_weekly.csv),70.76666666666667,0.018841262364578393
2025-07-07,2025,7,28,Raksha_Bandhan,0.0571428571428571,True,False,SYNTHETIC_PROXY (pytrends unreachable in this environment),55.0,72.0,REAL_FILE (cotton_prices_weekly.csv),102.65,REAL_FILE (cpi_weekly.csv),70.85833333333333,0.016111960484534782
2025-07-14,2025,7,29,Raksha_Bandhan,0.2571428571428571,True,False,SYNTHETIC_PROXY (pytrends unreachable in this environment),64.8,72.7,REAL_FILE (cotton_prices_weekly.csv),102.78,REAL_FILE (cpi_weekly.csv),70.98333333333333,0.024184080770133898
2025-07-21,2025,7,30,Raksha_Bandhan,0.4571428571428571,True,False,SYNTHETIC_PROXY (pytrends unreachable in this environment),60.5,73.4,REAL_FILE (cotton_prices_weekly.csv),102.92,REAL_FILE (cpi_weekly.csv),71.175,0.03126097646645598
2025-07-28,2025,7,31,Raksha_Bandhan,0.6571428571428571,True,False,SYNTHETIC_PROXY (pytrends unreachable in this environment),70.5,72.7,REAL_FILE (cotton_prices_weekly.csv),103.06,REAL_FILE (cpi_weekly.csv),71.325,0.019277953031896278
2025-08-04,2025,8,32,Raksha_Bandhan,0.8571428571428572,True,False,SYNTHETIC_PROXY (pytrends unreachable in this environment),73.1,72.6,REAL_FILE (cotton_prices_weekly.csv),103.19,REAL_FILE (cpi_weekly.csv),71.50833333333334,0.015266285980654715
2025-08-11,2025,8,33,Raksha_Bandhan,1.0,True,False,SYNTHETIC_PROXY (pytrends unreachable in this environment),76.3,71.0,REAL_FILE (cotton_prices_weekly.csv),103.33,REAL_FILE (cpi_weekly.csv),71.60000000000001,-0.008379888268156499
2025-08-18,2025,8,34,Onam,0.4857142857142856,True,False,SYNTHETIC_PROXY (pytrends unreachable in this environment),61.2,72.4,REAL_FILE (cotton_prices_weekly.csv),103.47,REAL_FILE (cpi_weekly.csv),71.8,0.008356545961002881
2025-08-25,2025,8,35,Onam,0.6857142857142857,True,False,SYNTHETIC_PROXY (pytrends unreachable in this environment),64.1,72.5,REAL_FILE (cotton_prices_weekly.csv),103.6,REAL_FILE (cpi_weekly.csv),71.98333333333333,0.007177587404491703
2025-09-01,2025,9,36,Onam,0.8857142857142857,True,False,SYNTHETIC_PROXY (pytrends unreachable in this environment),72.1,69.9,REAL_FILE (cotton_prices_weekly.csv),103.74,REAL_FILE (cpi_weekly.csv),71.96666666666667,-0.028716998610467726
2025-09-08,2025,9,37,Onam,1.0,True,False,SYNTHETIC_PROXY (pytrends unreachable in this environment),68.0,67.9,REAL_FILE (cotton_prices_weekly.csv),103.77,REAL_FILE (cpi_weekly.csv),71.71666666666667,-0.053218684638624114
2025-09-15,2025,9,38,Navratri_start,0.8,True,False,SYNTHETIC_PROXY (pytrends unreachable in this environment),57.0,65.5,REAL_FILE (cotton_prices_weekly.csv),103.8,REAL_FILE (cpi_weekly.csv),71.225,-0.08037908037908026
2025-09-22,2025,9,39,Navratri_start,1.0,True,False,SYNTHETIC_PROXY (pytrends unreachable in this environment),64.1,64.3,REAL_FILE (cotton_prices_weekly.csv),103.82,REAL_FILE (cpi_weekly.csv),70.575,-0.08891250442791365
2025-09-29,2025,9,40,Navratri_start,1.0,True,False,SYNTHETIC_PROXY (pytrends unreachable in this environment),64.5,64.3,REAL_FILE (cotton_prices_weekly.csv),103.85,REAL_FILE (cpi_weekly.csv),69.93333333333334,-0.08055290753098199
2025-10-06,2025,10,41,Diwali,0.6,True,False,SYNTHETIC_PROXY (pytrends unreachable in this environment),49.0,66.3,REAL_FILE (cotton_prices_weekly.csv),103.88,REAL_FILE (cpi_weekly.csv),69.39999999999999,-0.0446685878962535
2025-10-13,2025,10,42,Diwali,0.8,True,False,SYNTHETIC_PROXY (pytrends unreachable in this environment),50.0,67.9,REAL_FILE (cotton_prices_weekly.csv),103.91,REAL_FILE (cpi_weekly.csv),68.94166666666668,-0.015109391998066046
2025-10-20,2025,10,43,Diwali,1.0,True,False,SYNTHETIC_PROXY (pytrends unreachable in this environment),60.9,69.5,REAL_FILE (cotton_prices_weekly.csv),103.93,REAL_FILE (cpi_weekly.csv),68.675,0.012013105205678887
2025-10-27,2025,10,44,Diwali,1.0,True,False,SYNTHETIC_PROXY (pytrends unreachable in this environment),61.1,69.6,REAL_FILE (cotton_prices_weekly.csv),103.96,REAL_FILE (cpi_weekly.csv),68.425,0.01717208622579469
2025-11-03,2025,11,45,,0.0,False,True,SYNTHETIC_PROXY (pytrends unreachable in this environment),35.1,69.2,REAL_FILE (cotton_prices_weekly.csv),103.99,REAL_FILE (cpi_weekly.csv),68.27499999999999,0.013548150860490882
2025-11-10,2025,11,46,,0.0,False,True,SYNTHETIC_PROXY (pytrends unreachable in this environment),32.7,68.3,REAL_FILE (cotton_prices_weekly.csv),104.02,REAL_FILE (cpi_weekly.csv),67.93333333333334,0.005397448478900779
2025-11-17,2025,11,47,,0.0,False,True,SYNTHETIC_PROXY (pytrends unreachable in this environment),22.2,68.1,REAL_FILE (cotton_prices_weekly.csv),104.04,REAL_FILE (cpi_weekly.csv),67.56666666666666,0.007893438579181122
2025-11-24,2025,11,48,,0.0,False,True,SYNTHETIC_PROXY (pytrends unreachable in this environment),25.2,69.2,REAL_FILE (cotton_prices_weekly.csv),104.07,REAL_FILE (cpi_weekly.csv),67.50833333333334,0.025058634736452312
2025-12-01,2025,12,49,,0.0,False,True,SYNTHETIC_PROXY (pytrends unreachable in this environment),21.4,69.7,REAL_FILE (cotton_prices_weekly.csv),104.1,REAL_FILE (cpi_weekly.csv),67.65833333333335,0.03017613006527875
2025-12-08,2025,12,50,,0.0,False,True,SYNTHETIC_PROXY (pytrends unreachable in this environment),26.2,71.0,REAL_FILE (cotton_prices_weekly.csv),104.21,REAL_FILE (cpi_weekly.csv),68.11666666666667,0.042329336921947514
2025-12-15,2025,12,51,Pongal,0.1428571428571429,True,True,SYNTHETIC_PROXY (pytrends unreachable in this environment),36.3,71.6,REAL_FILE (cotton_prices_weekly.csv),104.32,REAL_FILE (cpi_weekly.csv),68.725,0.04183339396144059
2025-12-22,2025,12,52,Pongal,0.3428571428571428,True,True,SYNTHETIC_PROXY (pytrends unreachable in this environment),48.6,71.7,REAL_FILE (cotton_prices_weekly.csv),104.43,REAL_FILE (cpi_weekly.csv),69.34166666666667,0.034010335296238425
2025-12-29,2025,12,1,Pongal,0.5428571428571429,True,True,SYNTHETIC_PROXY (pytrends unreachable in this environment),49.7,72.4,REAL_FILE (cotton_prices_weekly.csv),104.55,REAL_FILE (cpi_weekly.csv),69.85,0.03650680028632802
2026-01-05,2026,1,2,Pongal,0.7428571428571429,True,True,SYNTHETIC_PROXY (pytrends unreachable in this environment),59.1,73.5,REAL_FILE (cotton_prices_weekly.csv),104.66,REAL_FILE (cpi_weekly.csv),70.31666666666666,0.0452713913249585
2026-01-12,2026,1,3,Pongal,0.9428571428571428,True,True,SYNTHETIC_PROXY (pytrends unreachable in this environment),62.3,75.3,REAL_FILE (cotton_prices_weekly.csv),104.77,REAL_FILE (cpi_weekly.csv),70.8,0.06355932203389836
2026-01-19,2026,1,4,Pongal,1.0,True,True,SYNTHETIC_PROXY (pytrends unreachable in this environment),74.6,75.3,REAL_FILE (cotton_prices_weekly.csv),104.88,REAL_FILE (cpi_weekly.csv),71.275,0.056471413539108894
2026-01-26,2026,1,5,,0.0,False,True,SYNTHETIC_PROXY (pytrends unreachable in this environment),38.3,75.5,REAL_FILE (cotton_prices_weekly.csv),104.99,REAL_FILE (cpi_weekly.csv),71.8,0.051532033426183954
2026-02-02,2026,2,6,,0.0,False,True,SYNTHETIC_PROXY (pytrends unreachable in this environment),42.9,75.0,REAL_FILE (cotton_prices_weekly.csv),105.1,REAL_FILE (cpi_weekly.csv),72.35833333333333,0.036508119313601206
2026-02-09,2026,2,7,,0.0,False,True,SYNTHETIC_PROXY (pytrends unreachable in this environment),43.9,74.6,REAL_FILE (cotton_prices_weekly.csv),105.22,REAL_FILE (cpi_weekly.csv),72.9,0.023319615912208436
2026-02-16,2026,2,8,Eid_ul_Fitr,0.0857142857142857,True,True,SYNTHETIC_PROXY (pytrends unreachable in this environment),52.4,73.9,REAL_FILE (cotton_prices_weekly.csv),105.33,REAL_FILE (cpi_weekly.csv),73.29166666666667,0.008300170551449604
2026-02-23,2026,2,9,Eid_ul_Fitr,0.2857142857142857,True,True,SYNTHETIC_PROXY (pytrends unreachable in this environment),55.1,74.0,REAL_FILE (cotton_prices_weekly.csv),105.44,REAL_FILE (cpi_weekly.csv),73.64999999999999,0.004752206381534396
2026-03-02,2026,3,10,Eid_ul_Fitr,0.4857142857142856,True,False,SYNTHETIC_PROXY (pytrends unreachable in this environment),65.4,73.6,REAL_FILE (cotton_prices_weekly.csv),105.55,REAL_FILE (cpi_weekly.csv),73.86666666666666,-0.0036101083032490378
2026-03-09,2026,3,11,Eid_ul_Fitr,0.6857142857142857,True,False,SYNTHETIC_PROXY (pytrends unreachable in this environment),88.9,73.7,REAL_FILE (cotton_prices_weekly.csv),105.66,REAL_FILE (cpi_weekly.csv),74.04166666666667,-0.0046145188519978175
2026-03-16,2026,3,12,Eid_ul_Fitr,0.8857142857142857,True,False,SYNTHETIC_PROXY (pytrends unreachable in this environment),84.1,73.5,REAL_FILE (cotton_prices_weekly.csv),105.77,REAL_FILE (cpi_weekly.csv),74.19166666666666,-0.009322700213411195
2026-03-23,2026,3,13,Eid_ul_Fitr,1.0,True,False,SYNTHETIC_PROXY (pytrends unreachable in this environment),90.6,73.3,REAL_FILE (cotton_prices_weekly.csv),105.88,REAL_FILE (cpi_weekly.csv),74.26666666666667,-0.013016157989228061
2026-03-30,2026,3,14,,0.0,False,False,SYNTHETIC_PROXY (pytrends unreachable in this environment),68.8,75.0,REAL_FILE (cotton_prices_weekly.csv),106.0,REAL_FILE (cpi_weekly.csv),74.39166666666667,0.008177439229304362
2026-04-06,2026,4,15,,0.0,False,True,SYNTHETIC_PROXY (pytrends unreachable in this environment),74.3,76.9,REAL_FILE (cotton_prices_weekly.csv),106.11,REAL_FILE (cpi_weekly.csv),74.525,0.0318685005031869
2026-04-13,2026,4,16,,0.0,False,True,SYNTHETIC_PROXY (pytrends unreachable in this environment),59.0,76.8,REAL_FILE (cotton_prices_weekly.csv),106.22,REAL_FILE (cpi_weekly.csv),74.64999999999999,0.028801071667783118
2026-04-20,2026,4,17,,0.0,False,True,SYNTHETIC_PROXY (pytrends unreachable in this environment),62.9,77.7,REAL_FILE (cotton_prices_weekly.csv),106.33,REAL_FILE (cpi_weekly.csv),74.83333333333333,0.038307349665924306
2026-04-27,2026,4,18,,0.0,False,True,SYNTHETIC_PROXY (pytrends unreachable in this environment),66.2,78.5,REAL_FILE (cotton_prices_weekly.csv),106.44,REAL_FILE (cpi_weekly.csv),75.125,0.04492512479201327
2026-05-04,2026,5,19,,0.0,False,True,SYNTHETIC_PROXY (pytrends unreachable in this environment),71.9,81.5,REAL_FILE (cotton_prices_weekly.csv),106.55,REAL_FILE (cpi_weekly.csv),75.7,0.07661822985468958
2026-05-11,2026,5,20,,0.0,False,True,SYNTHETIC_PROXY (pytrends unreachable in this environment),60.9,83.5,REAL_FILE (cotton_prices_weekly.csv),106.67,REAL_FILE (cpi_weekly.csv),76.5,0.0915032679738561
2026-05-18,2026,5,21,,0.0,False,True,SYNTHETIC_PROXY (pytrends unreachable in this environment),63.4,83.4,REAL_FILE (cotton_prices_weekly.csv),106.78,REAL_FILE (cpi_weekly.csv),77.28333333333333,0.07914599956868673
2026-05-25,2026,5,22,,0.0,False,True,SYNTHETIC_PROXY (pytrends unreachable in this environment),66.8,81.6,REAL_FILE (cotton_prices_weekly.csv),106.89,REAL_FILE (cpi_weekly.csv),77.95,0.04682488774855664
2026-06-01,2026,6,23,,0.0,False,True,SYNTHETIC_PROXY (pytrends unreachable in this environment),64.4,80.1,REAL_FILE (cotton_prices_weekly.csv),107.0,REAL_FILE (cpi_weekly.csv),78.48333333333333,0.020598853259715444
2026-06-08,2026,6,24,,0.0,False,True,SYNTHETIC_PROXY (pytrends unreachable in this environment),60.0,78.6,REAL_FILE (cotton_prices_weekly.csv),107.0,REAL_FILE (cpi_weekly.csv),78.90833333333333,-0.003907487591086722
2026-06-15,2026,6,25,,0.0,False,True,SYNTHETIC_PROXY (pytrends unreachable in this environment),59.4,81.1,REAL_FILE (cotton_prices_weekly.csv),107.0,REAL_FILE (cpi_weekly.csv),79.55833333333332,0.01937781502042535
2026-06-22,2026,6,26,,0.0,False,True,SYNTHETIC_PROXY (pytrends unreachable in this environment),52.8,80.9,REAL_FILE (cotton_prices_weekly.csv),107.0,REAL_FILE (cpi_weekly.csv),80.05,0.010618363522798324
2026-06-29,2026,6,27,,0.0,False,True,SYNTHETIC_PROXY (pytrends unreachable in this environment),52.8,72.1,REAL_FILE (cotton_prices_weekly.csv),102.51,REAL_FILE (cpi_weekly.csv),79.64999999999999,-0.09478970495919647
2026-07-06,2026,7,28,Raksha_Bandhan,0.0571428571428571,True,False,SYNTHETIC_PROXY (pytrends unreachable in this environment),55.0,72.0,REAL_FILE (cotton_prices_weekly.csv),102.65,REAL_FILE (cpi_weekly.csv),79.25,-0.09148264984227128
2026-07-13,2026,7,29,Raksha_Bandhan,0.2571428571428571,True,False,SYNTHETIC_PROXY (pytrends unreachable in this environment),64.8,72.7,REAL_FILE (cotton_prices_weekly.csv),102.78,REAL_FILE (cpi_weekly.csv),78.83333333333333,-0.07780126849894287
2026-07-20,2026,7,30,Raksha_Bandhan,0.4571428571428571,True,False,SYNTHETIC_PROXY (pytrends unreachable in this environment),60.5,73.4,REAL_FILE (cotton_prices_weekly.csv),102.92,REAL_FILE (cpi_weekly.csv),78.40833333333333,-0.06387501328515244
